r,theta_deg_center,theta_deg_lo_1sigma,theta_deg_hi_1sigma,theta_deg_std
0.041577115654065765,2.6019442133622688,2.05938503715317,3.1280987171993937,0.5198525978679482
0.04290974041345636,2.96751065554283,2.440226258907594,3.487321459172077,0.5141435050226856
0.04424236517284696,3.3215771521163195,2.8051222605540467,3.835355202033497,0.5074979489807958
0.045574989932237554,3.663520475121255,3.1588158527273635,4.169626042086408,0.5000109442425185
0.04690761469162815,3.992657963798562,3.496034053187042,4.488653868866228,0.492340401222016
0.04824023945101875,4.308021685516587,3.811630727152843,4.800776575600595,0.48596887294246444
0.049572864210409344,4.612418824492302,4.11473768506993,5.104943356381814,0.4822438822372286
0.05090548896979994,4.909746258101649,4.410736362486737,5.402398341129487,0.4811965904208237
0.05223811372919054,5.203203252882194,4.702374785523157,5.694374278724469,0.48151450892225256
0.053570738488581134,5.490913980286659,4.993508050489267,5.97821014421888,0.48223363533761143
0.05490336324797173,5.773328489296347,5.280296916996424,6.257907889570706,0.4832904119500482
0.05623598800736233,6.051690897895936,5.5616159496760424,6.537570765399783,0.4848761397057939
0.05756861276675292,6.326695235067083,5.838447351951806,6.812551392402171,0.4867711622390163
0.05890123752614352,6.597670812341629,6.110359017243478,7.09231280353838,0.4888262236889767
0.060233862285534116,6.865122939713187,6.379830740588586,7.364774772302448,0.4910978982994337
0.06156648704492471,7.129649984124893,6.647580569967112,7.629143606488492,0.4935955727064649
0.06289911180431532,7.391329999300476,6.909149940390556,7.893252658042537,0.49620792268318703
0.0642317365637059,7.649968332893226,7.168372658741415,8.159159163959165,0.49894351633603257
0.06556436132309651,7.90597531047885,7.426335808801877,8.41800607850783,0.5018466540083639
0.06689698608248709,8.15975241982931,7.674443464170405,8.673462876724635,0.5048779497486976
0.0682296108418777,8.411144973771153,7.919865657448861,8.925817073166607,0.5079847776361018
0.06956223560126829,8.660197061171308,8.16110791352926,9.173799298093538,0.5112103955225376
0.0708948603606589,8.907246614107938,8.40220976937005,9.419715452129314,0.5145777581456198
0.07222748512004948,9.152574449095129,8.642267855744132,9.663578021510787,0.5180344089206642
0.07356010987944009,9.395960945541246,8.87996235290365,9.905693425450567,0.5215599297967366
0.07489273463883067,9.637554516609987,9.120876807554849,10.149043793694641,0.5251961297564397
0.07622535939822128,9.87763251704305,9.358551620636035,10.397701061290483,0.5289496083771887
0.07755798415761186,10.116353540188003,9.594720674920648,10.643983041223064,0.532769731610892
0.07889060891700247,10.353528268156513,9.829582420574383,10.884719414390089,0.536656532919316
0.08022323367639306,10.589334623454503,10.062907216070302,11.124180198955976,0.5406374262572282
0.08155585843578367,10.82399050499384,10.297561004622096,11.365001466452545,0.5447100295961247
0.08288848319517425,11.057536507788694,10.538648052707734,11.60818868531659,0.5488347542698475
0.08422110795456486,11.28986627887782,10.766351511342082,11.848913513431617,0.5530206678811525
0.08555373271395544,11.521143983696344,10.99304507278228,12.084201398930118,0.5572819703766081
0.08688635747334605,11.751536552415804,11.218902793774745,12.318011587687993,0.5616111901158087
0.08821898223273664,11.980989243735772,11.452495664366472,12.552194538870614,0.5659828717085799
0.08955160699212725,12.20949158486704,11.684219105942852,12.792312314074527,0.5704073008443533
0.09088423175151783,12.437180900655394,11.907314798661192,13.022981672514128,0.5748899013376556
0.09221685651090844,12.664177573071523,12.129808706161787,13.250478240288396,0.5794202976811166
0.09354948127029902,12.890386003023915,12.35177315941677,13.476740446540699,0.5839858994531237
0.09488210602968963,13.115856688321575,12.573945955450299,13.711275438375935,0.588594386954545
0.09621473078908022,13.34071063266904,12.797724307079589,13.945879313697112,0.5932460153019298
0.09754735554847083,13.565024100509243,13.017164284888812,14.18021420569145,0.5979290886267395
0.09887998030786141,13.788700207042542,13.234679957385078,14.411179835745292,0.6026405863258215
0.10021260506725202,14.011821014101018,13.451704369361716,14.630913835024732,0.6073846266978135
0.1015452298266426,14.234495883542706,13.674133145672682,14.862719238868824,0.6121576623963861
0.10287785458603321,14.456753947558765,13.900427719573342,15.095206402039278,0.6169492434261254
0.1042104793454238,14.678526291987216,14.126395454257956,15.32720640086918,0.6217618010354947
0.1055431041048144,14.899901028874586,14.350310871872324,15.558769120033933,0.6265969168028683
0.10687572886420499,15.120971594878409,14.57240159610495,15.789546780554875,0.6314476546204619
0.1082083536235956,15.3417201153693,14.7839321480642,16.01419801907216,0.636306401322148
0.10954097838298618,15.562123763234457,14.995886167230722,16.23134324883126,0.6411770668544211
0.11087360314237679,15.782253439807373,15.216448992814207,16.45421682870378,0.6460598043778526
0.11220622790176737,16.00217513855214,15.426720318722836,16.68286163001553,0.6509453295387154
0.11353885266115799,16.221851056499407,15.636249670379483,16.917063624969522,0.6558295277657635
0.11487147742054857,16.441288562115748,15.848823940307657,17.146030103991695,0.6607157161807922
0.11620410217993918,16.660533363993736,16.064004385695032,17.3725092964996,0.6656037938758543
0.11753672693932976,16.879620138660105,16.275138019028194,17.60082704684116,0.6704841623758594
0.11886935169872037,17.09851819422559,16.491103712052446,17.81848830206799,0.6753551290384884
0.12020197645811095,17.317241587392342,16.706328342864992,18.034830384959466,0.6802191464884432
0.12153460121750156,17.53581537876388,16.917107893914583,18.249972412377733,0.6850764557941027
0.12286722597689215,17.754251968975193,17.12726993464182,18.471522950323987,0.6899193389912227
0.12419985073628276,17.972535624804696,17.339092524691395,18.693685068086264,0.69474740993795
0.12553247549567334,18.19067577991528,17.550725268448122,18.914942601937636,0.6995633154833147
0.12686510025506395,18.40868354318647,17.762168061133195,19.137629906908952,0.7043674489149399
0.12819772501445453,18.626561533122718,17.974185235443237,19.35983279765706,0.7091554860124698
0.12953034977384514,18.844304657945987,18.186169527521287,19.581572219537524,0.7139282597086275
0.13086297453323573,19.06191440078247,18.397981955158706,19.802870734088984,0.7186889378708381
0.13219559929262634,19.279392416756263,18.609628964958752,20.02823830569805,0.7234379133887697
0.13352822405201692,19.49674354261607,18.821116848833064,20.24920568605832,0.728174965835161
0.13486084881140753,19.713963012794945,19.033889363889074,20.46568796732597,0.7329021116122049
0.1361934735707981,19.93104202725683,19.24657443336441,20.68367247007357,0.7376218018013816
0.13752609833018872,20.14797506988388,19.46290532367242,20.902806987512612,0.7423352033662531
0.1388587230895793,20.364776466292994,19.668790562513156,21.121522295557213,0.7470457834789547
0.14019134784896992,20.581431306338327,19.87808326482143,21.339838213320487,0.7517557515001817
0.1415239726083605,20.79791776104524,20.086228876257024,21.55776780863128,0.7564655384673662
0.1428565973677511,21.014228887173036,20.293625626440033,21.775511752648427,0.7611779570425368
0.1441892221271417,21.23038712809784,20.500276216797786,21.994687518549767,0.7658979418066449
0.1455218468865323,21.446361351651763,20.70697197815158,22.210456707661823,0.7706263043150758
0.14685447164592288,21.66211598843216,20.913741751818993,22.434128012887793,0.77536170083596
0.1481870964053135,21.877654421644927,21.12115365458979,22.65591441715755,0.7801079602424746
0.14951972116470408,22.092995041237383,21.32725890776247,22.87629286994421,0.7848687268953268
0.1508523459240947,22.308093631162922,21.534128197994146,23.09637306979689,0.7896423566901085
0.15218497068348527,22.522906162196797,21.74042589919114,23.31571233417583,0.794427012441012
0.15351759544287588,22.737458426420236,21.946481847906952,23.533830956894064,0.7992254239677988
0.15485022020226646,22.951748453053415,22.15425910303215,23.750921278123663,0.8040382425698177
0.15618284496165707,23.165728169574546,22.360320588170598,23.975163707689845,0.8088620290980829
0.15751546972104766,23.379356879359214,22.56619156241275,24.19787880168518,0.813695098423873
0.15884809448043827,23.59267409787822,22.77184714622179,24.418581650921993,0.8185374173974024
0.16018071923982885,23.805659739052373,22.97731577725822,24.639121887982547,0.8233866524897862
0.16151334399921946,24.01826899250476,23.18257963173045,24.857295414796745,0.8282395959245556
0.16284596875861004,24.23047522359564,23.387609720151172,25.073886705256587,0.8330942105866259
0.16417859351800065,24.442316052292934,23.59239430677924,25.29011525829933,0.8379479808938332
0.16551121827739124,24.65376395369577,23.79695432594673,25.5059357468954,0.8427971654458597
0.16684384303678185,24.864782489253496,24.001273103578633,25.725517881307592,0.8476399182871824
0.16817646779617243,25.07536228208612,24.203143720779696,25.943613561674216,0.8524737835648023
0.16950909255556304,25.28552716798918,24.40118228007847,26.1628722329194,0.8572950401933959
0.17084171731495365,25.495255995552093,24.598711985543,26.381688667008962,0.8621009437076562
0.17217434207434423,25.70452638744795,24.79573109526974,26.598458386601408,0.8668905809237589
0.17350696683373482,25.913338400831332,24.99225201662322,26.814785649520154,0.8716616646661298
0.17483959159312543,26.12170274655845,25.197137907329598,27.026471745914353,0.8764106605828026
0.17617221635251604,26.329617950211137,25.40627568242464,27.239581922400564,0.8811374577610745
0.17750484111190662,26.537081647372744,25.614971491504598,27.45504965127757,0.8858406631672642
0.1788374658712972,26.744083728650647,25.822626457553,27.670259351320382,0.8905192320417181
0.1801700906306878,26.950640287737777,26.030156145137866,27.885183860923235,0.8951708247112751
0.18150271539007842,27.156775311593755,26.234413403341428,28.09986246907944,0.8997970129614354
0.182835340149469,27.362502079394794,26.437943741438534,28.31402487624798,0.9043960107730202
0.1841679649088596,27.56779248292314,26.638247317686712,28.523958614661563,0.908967471161796
0.1855005896682502,27.77268183099378,26.83980924820081,28.734181499263862,0.9135113280830587
0.1868332144276408,27.977215718797652,27.04108172777006,28.947797290803248,0.9180288884755133
0.1881658391870314,28.18140619516612,27.242047268723944,29.160030625079866,0.9225181421403525
0.18949846394642197,28.385220252791466,27.44269605890529,29.368765221849014,0.9269792533906871
0.19083108870581258,28.588707150956807,27.64348360167788,29.575114971866757,0.9314137402328655
0.1921637134652032,28.791920018694434,27.847690687814406,29.78070561795981,0.9358219408945523
0.19349633822459378,28.994854162141728,28.048367967217253,29.98574143244996,0.9402017418286127
0.19482896298398436,29.197492118813827,28.23886645751509,30.190248847257564,0.9445541641562271
0.19616158774337497,29.399874309874352,28.436092088944207,30.394244001098073,0.9488802376038452
0.19749421250276558,29.60203963651679,28.63430900213799,30.607055187258904,0.9531804717121973
0.19882683726215616,29.803976644259045,28.83352814928836,30.820279445533718,0.9574526704915712
0.20015946202154675,30.005679834000755,29.033767327239413,31.026852651206088,0.961698529819728
0.20149208678093736,30.207161645641076,29.233749177696936,31.232761843626903,0.9659182900431486
0.20282471154032797,30.408434871169945,29.433491316145926,31.436590071956424,0.9701130558605776
0.20415733629971855,30.60950391118342,29.63301026754698,31.644055894025716,0.974281099245553
0.20548996105910913,30.810352691801565,29.832303798568084,31.852521172048277,0.978423539029327
0.20682258581849974,31.01096303513669,30.03263106460241,32.06043328431869,0.9825413551496104
0.20815521057789035,31.211332030444346,30.232794134819784,32.26782031441081,0.9866357163345049
0.20948783533728094,31.411480127909027,30.43271699092179,32.47632023363697,0.9907054983693627
0.21082046009667152,31.611373980478064,30.63241493203934,32.679064305537615,0.9947506311835587
0.21215308485606213,31.810976512576417,30.83131254233051,32.879502857502736,0.9987736169128156
0.21348570961545274,32.01028989030005,31.02979374872223,33.08722909983748,1.0027751249632642
0.21481833437484332,32.2093319759797,31.225161073086397,33.294500903428954,1.0067536655362934
0.2161509591342339,32.40806634674119,31.42058257942712,33.501193915678236,1.0107089651972005
0.21748358389362452,32.60645697819684,31.61661462555381,33.706960950487506,1.0146438798098574
0.21881620865301513,32.804516500629305,31.81251965202183,33.91217977996868,1.018558230277709
0.2201488334124057,33.00225041975707,32.0082876840102,34.11611846211971,1.0224496252080895
0.2214814581717963,33.199639695099485,32.20261061753795,34.31833994587839,1.0263181229236613
0.2228140829311869,33.39666682221734,32.395097983152276,34.52031054712259,1.0301655174537467
0.2241467076905775,33.59333661801859,32.582941854133956,34.72186397731317,1.0339907128305552
0.2254793324499681,33.78965789536041,32.77200482757862,34.92214024306807,1.0377910553872987
0.22681195720935868,33.98563692038257,32.960880534957454,35.119307358255305,1.0415658499552605
0.2281445819687493,34.181273663938626,33.157480761978114,35.31657946648772,1.045316018433495
0.2294772067281399,34.3765577724311,33.35819987080483,35.518645011229715,1.0490396902047954
0.23080983148753048,34.57151176012764,33.55878416681579,35.720228708151296,1.052734429661435
0.23214245624692106,34.76616120253839,33.7592196670479,35.9196610661013,1.0563985845340458
0.23347508100631167,34.96050839841164,33.95365679711989,36.12107487684376,1.0600325757701148
0.23480770576570228,35.15453928091932,34.147876376479665,36.321101042704406,1.0636345028867062
0.23614033052509287,35.3482818096706,34.3419348755322,36.511977514868526,1.0672019569017592
0.23747295528448345,35.54176461920833,34.53647116832367,36.717117419952444,1.0707333905169758
0.23880558004387406,35.734983849398304,34.730960918532546,36.918203956693574,1.0742287755589863
0.24013820480326467,35.927932935853896,34.922922490222895,37.11542804355432,1.0776872200986276
0.24147082956265525,36.12062542554001,35.11640377578893,37.31548976582699,1.0811059212141627
0.24280345432204584,36.313074750685026,35.30679907754626,37.511447186868196,1.084484383777356
0.24413607908143645,36.50528521936521,35.491139840123786,37.70331310979863,1.0878224608161962
0.24546870384082706,36.69724555202405,35.679292203596404,37.897589761320525,1.0911198058528238
0.24680132860021764,36.88894294536596,35.871746974109946,38.08473109295318,1.0943742575563202
0.24813395335960822,37.08037331261741,36.063942600483124,38.26948037630118,1.097585991396115
0.24946657811899883,37.27155885681602,36.25407353288952,38.453707432206976,1.1007549956143554
0.2507992028783894,37.46246968119558,36.446452930643375,38.637452406367736,1.103880745955545
0.25213182763778,37.65306875745351,36.63584640028252,38.826971763635534,1.106962467127043
0.2534644523971706,37.843350822984824,36.818951610937575,39.02228327492157,1.110000231346026
0.2547970771565612,38.03334460627285,37.010583651838864,39.217226271600204,1.1129938750192123
0.2561297019159518,38.22300460625571,37.200664570984564,39.4117918668362,1.115942797307141
0.2574623266753424,38.41228250659478,37.38813502173423,39.60598884626053,1.118847177218477
0.25879495143473297,38.60119069880264,37.57658415257036,39.79982962144386,1.121706783267254
0.2601275761941236,38.78974308499457,37.76502844639881,39.993280849366585,1.1245208251853025
0.2614602009535142,38.97789583636972,37.95236077507094,40.18630351098978,1.127289101687901
0.2627928257129048,39.16560787586885,38.137432781273965,40.37708429848611,1.130012364302194
0.26412545047229535,39.35290483170662,38.32235672718548,40.56544566150527,1.1326896632933348
0.26545807523168596,39.53978404012795,38.51032655074437,40.75297319349533,1.1353200986661718
0.2667906999910766,39.72621635403196,38.69809790751668,40.94008955244031,1.1379039714652903
0.2681233247504672,39.91217912055169,38.88567109287643,41.12676954439661,1.140442512144735
0.26945594950985774,40.09769316479756,39.07303995410764,41.31300370381608,1.1429339995628311
0.27078857426924835,40.28275396133157,39.25359378446966,41.50210318133357,1.1453784634632407
0.27212119902863896,40.467349642121704,39.44355517149696,41.68879582616929,1.1477763361120275
0.27345382378802957,40.65147290522709,39.628419146930106,41.877449977847306,1.1501293557109629
0.2747864485474201,40.83513240684762,39.81228158308759,42.06716104393562,1.1524358154166285
0.27611907330681074,41.01833232676248,39.99595077357865,42.25447782343912,1.1546965749706004
0.27745169806620135,41.20107626593625,40.17941097188557,42.44038070055153,1.1569123812426756
0.27878432282559196,41.38335926688268,40.36266313709367,42.6344494270203,1.1590851757536287
0.2801169475849825,41.565183789407804,40.54571568384346,42.827379456612675,1.161214332849786
0.2814495723443731,41.746568981194045,40.728577825368234,43.01769382627037,1.1633008225756778
0.28278219710376373,41.9275330943763,40.91244576420217,43.207485534789576,1.1653455179026544
0.28411482186315434,42.10805734992216,41.09670014916529,43.39563405103347,1.1673509292901718
0.2854474466225449,42.288153928942535,41.28073638983697,43.5827244873346,1.169317358013575
0.2867800713819355,42.467859603218926,41.45592368104929,43.76628314061156,1.1712455018357528
0.2881126961413261,42.64720220066094,41.6301996310774,43.949243811244195,1.1731360854754775
0.28944532090071673,42.82614288692784,41.804330943001496,44.13161050209344,1.1749926266495279
0.2907779456601073,43.00471636617611,41.98975027435372,44.31341378259275,1.176815339972272
0.2921105704194979,43.18297816509109,42.179112756747756,44.49468293935126,1.1786046817761702
0.2934431951788885,43.36095307193307,42.36167406944269,44.67412980044226,1.1803614951922958
0.29477581993827906,43.538591476203976,42.5388251184956,44.852069054108554,1.18208980547932
0.29610844469766967,43.71595268952127,42.715213416810755,45.02944489759832,1.1837895325200816
0.2974410694570603,43.89310647590876,42.89019015476173,45.206280422431085,1.1854606751473278
0.2987736942164509,44.070055940875264,43.06485412428432,45.382552248773656,1.1871047451623011
0.3001063189758415,44.246763728202694,43.23893699847364,45.55766088656933,1.1887250947558479
0.30143894373523206,44.423300898795716,43.412461062941404,45.72825497914528,1.1903219497018016
0.30277156849462267,44.59973922062756,43.593306457466426,45.898299348319306,1.1918947449929953
0.3041041932540133,44.7760502680034,43.777367702448934,46.067610719047615,1.1934457617939076
0.30543681801340383,44.95222842196701,43.95443947995654,46.23595634872972,1.1949770457188447
0.30676944277279444,45.128333871908076,44.12898220673594,46.403987480968446,1.1964894545667433
0.30810206753218505,45.3044200616904,44.29811521010205,46.5757378003846,1.1979822863878304
0.30943469229157566,45.48045180125706,44.46710165152814,46.75336475007529,1.1994578449007
0.3107673170509663,45.65643827411336,44.635918044660144,46.93072824203932,1.20091735537664
0.31209994181035683,45.832413723965786,44.80458164622929,47.10556286124864,1.2023620126813446
0.31343256656974744,46.00840434095665,44.98138043580598,47.278620969960784,1.2037915434187045
0.31476519132913805,46.18439319704471,45.149090135616085,47.4535419284261,1.2052075346426074
0.3160978160885286,46.36037736815732,45.31629392836364,47.63121105612342,1.2066110556019096
0.3174304408479192,46.53635761292486,45.48334064253099,47.808510540933796,1.208003554948125
0.3187630656073098,46.71234420011536,45.6502527284536,47.98516623682177,1.2093851615425513
0.32009569036670044,46.88834030240892,45.8170610407105,48.157457152289375,1.2107564825929973
0.32142831512609105,47.06431544476743,45.984430692580716,48.3333819785159,1.2121188458478391
0.3227609398854816,47.24023838492613,46.15217855727028,48.50909203253877,1.213474276309618
0.3240935646448722,47.416130577808964,46.32522935600553,48.68453603482446,1.2148226322433362
0.3254261894042628,47.59199168653967,46.503448563158756,48.85965588378134,1.216163850884475
0.3267588141636534,47.76776758017448,46.681530283385385,49.03392259297893,1.2174997078055578
0.328091438923044,47.943409229538695,46.85777875977865,49.20784700651283,1.2188327941731087
0.3294240636824346,48.11896175967382,47.03441922441793,49.38004438549667,1.220161865630473
0.3307566884418252,48.294402826125484,47.20623600431597,49.55302662947382,1.2214866864161718
0.3320893132012158,48.469669719502434,47.372983001287004,49.72597037043139,1.222809926702539
0.3334219379606064,48.64471857076147,47.5489570018465,49.898517471932934,1.224133432131242
0.334754562719997,48.81960307546895,47.710565087119285,50.07063320475564,1.2254550903605446
0.3360871874793876,48.994284792098405,47.87055123861445,50.242284394191,1.2267747975019831
0.33741981223877815,49.16870617672948,48.04727335818588,50.42194011259345,1.2280957374104449
0.33875243699816876,49.34284454756158,48.22953838477824,50.59903820112932,1.2294181032659808
0.34008506175755937,49.51674108749824,48.41160516257129,50.77153334219805,1.2307395159307033
0.34141768651695,49.690357669447025,48.585805192058274,50.943791297460095,1.2320601406518608
0.3427503112763406,49.86365155637387,48.7541135119615,51.120158102414955,1.2333825994967058
0.34408293603573115,50.03662294525293,48.92294066478509,51.29270583165862,1.2347055746838183
0.34541556079512176,50.20929031192315,49.091427881817786,51.46380801706624,1.2360271254892783
0.34674818555451237,50.381628866834546,49.259565922411774,51.63454291430385,1.237347346496002
0.3480808103139029,50.55361464012507,49.42733924383875,51.806494557998946,1.2386673682379816
0.34941343507329353,50.725256963708446,49.59474544518268,51.97870698203881,1.2399856615754774
0.35074605983268414,50.89655993885271,49.76179125149559,52.150714204336445,1.2413009181243957
0.35207868459207475,51.06751432487226,49.92847226708398,52.32250550297867,1.2426123405085736
0.35341130935146536,51.238112245397446,50.094783544033525,52.49406997600937,1.2439197809408555
0.3547439341108559,51.40835892662308,50.265421984501614,52.6654060003424,1.2452228150266713
0.35607655887024653,51.578256911315556,50.43751544744851,52.8365191919432,1.2465203175283204
0.35740918362963714,51.747806838274755,50.60919789328644,53.0065422472809,1.247810238090514
0.3587418083890277,51.91700892652076,50.78147463765462,53.17616207865995,1.2490919071422382
0.3600744331484183,52.085863749554356,50.95426363235273,53.3471455586938,1.2503666487352054
0.3614070579078089,52.2543746720905,51.12540730296333,53.519525581256595,1.2516326064126835
0.3627396826671995,52.42254522547782,51.292414041015164,53.69547124318407,1.2528870440788196
0.36407230742659014,52.59037715314896,51.45922301707553,53.86070260599448,1.2541293591631602
0.3654049321859807,52.757870195080336,51.62748457179174,54.02322339985474,1.2553621845873746
0.3667375569453713,52.92502598269122,51.79537058528641,54.1921151968658,1.2565828092046936
0.3680701817047619,53.09184617787691,51.9629071567033,54.36378665192424,1.2577884031272595
0.36940280646415247,53.25833261716982,52.130084391087955,54.53507924909039,1.2589786949624864
0.3707354312235431,53.42448543274607,52.29053467418032,54.70598581010055,1.260156498056917
0.3720680559829337,53.590304068171925,52.45131267596662,54.875517465014504,1.2613191713422092
0.3734006807423243,53.755788021121695,52.60807769359216,55.04412781273651,1.2624639524881038
0.3747333055017149,53.92093818426905,52.76363625499007,55.21234158862116,1.2635909884357357
0.37606593026110546,54.08575670124851,52.919108843162185,55.380166708673485,1.2647024680952597
0.3773985550204961,54.25024572850264,53.07851834907728,55.54759353501206,1.265796684417286
0.3787311797798867,54.41440512227338,53.24529274937496,55.71690910844843,1.266871063948376
0.38006380453927724,54.57823134773859,53.412015815867505,55.89061974716175,1.2679260003619424
0.38139642929866785,54.74173484018313,53.5785436607827,56.062677557103726,1.2689631187912873
0.38272905405805846,54.904927403465265,53.74486622709118,56.22592151468919,1.2699816224822111
0.38406167881744907,55.06780711211639,53.904025363816686,56.388982574976566,1.27097973765105
0.3853943035768397,55.230367042805504,54.06062028761408,56.55185911281622,1.271957337603054
0.38672692833623024,55.39263159163457,54.21712508904483,56.714568203515505,1.2729160844813385
0.38805955309562085,55.55462573469908,54.375065162136806,56.8771271965975,1.273855525162487
0.38939217785501146,55.716336196453426,54.53270445380491,57.03953012003612,1.274774927086277
0.390724802614402,55.87776353055493,54.69004943479891,57.202287539789694,1.2756733469890102
0.3920574273737926,56.03894182222706,54.84713222252239,57.36501964539158,1.2765525241389386
0.39339005213318323,56.19990176982424,55.00397936271124,57.527492404890346,1.2774116590772813
0.39472267689257384,56.36061953985509,55.1644886874209,57.689760568422955,1.2782507527006755
0.39605530165196445,56.52110608835048,55.32863729845194,57.853009257819316,1.2790685679799718
0.397387926411355,56.68139256203482,55.49265644905464,58.02022833141273,1.2798661945069205
0.3987205511707456,56.841501970260985,55.65657121384859,58.18709523019684,1.2806422929056025
0.40005317593013623,57.001414403927875,55.818957479149084,58.348212715235846,1.2813968628888357
0.4013858006895268,57.16113851223462,55.972084992128245,58.50808260761049,1.2821293986972593
0.4027184254489174,57.320689146557555,56.11997729508581,58.667739964102104,1.2828393884926772
0.404051050208308,57.480077608156414,56.26384058992966,58.82643610307864,1.2835250790902344
0.4053836749676986,57.63929787964078,56.4082783074457,58.98624773601235,1.2841866118955072
0.4067162997270892,57.798340654157464,56.56564523501858,59.14592645623165,1.2848244448919968
0.4080489244864798,57.95719675893716,56.73382101733778,59.299755690975154,1.285436522356629
0.4093815492458704,58.115877995718805,56.88435404455583,59.453859562091075,1.2860208107640034
0.410714174005261,58.27438360999469,57.03400819354803,59.610138136451816,1.2865785839769075
0.41204679876465156,58.43268373073634,57.18350172040201,59.76617521741315,1.287110547642864
0.41337942352404217,58.59075055529159,57.334860643684905,59.922220896491616,1.2876140044194384
0.4147120482834328,58.7486096996465,57.492571461415366,60.078202245573536,1.2880872933430199
0.4160446730428234,58.90625019914193,57.65005322191789,60.234492291078205,1.288533029251068
0.417377297802214,59.06363427659708,57.80282114724753,60.39048638775058,1.2889516772063048
0.41870992256160455,59.22073318846245,57.95381463099501,60.546158610084355,1.289340805448345
0.42004254732099516,59.37757774155547,58.10718717681752,60.70385338297881,1.2897000444353566
0.4213751720803858,59.534150635397395,58.26035287457149,60.86376627171743,1.290032293427593
0.42270779683977633,59.69042176249101,58.412634905733015,61.02337104965243,1.2903377737207202
0.42404042159916694,59.84637479750815,58.569111411015356,61.184065148782004,1.2906150135052714
0.42537304635855755,60.00203044062966,58.728814364665354,61.343093971715014,1.2908649580961067
0.42670567111794816,60.15737983995003,58.88812741657851,61.50307382203858,1.291089572107533
0.42803829587733877,60.312411551114785,59.047039342807544,61.66270604444059,1.2912891515604175
0.4293709206367293,60.467119158247876,59.205554013585584,61.82197548875363,1.2914636009767642
0.43070354539611994,60.62151048889461,59.363693485576064,61.98015264828568,1.2916137309214648
0.43203617015551055,60.77559435591004,59.5214798411798,62.13731913683629,1.2917403387689834
0.4333687949149011,60.92937914597438,59.67365677882101,62.29414207753016,1.2918442422212555
0.4347014196742917,61.08285404451326,59.822719847397714,62.45041314068684,1.2919260724931083
0.4360340444336823,61.23602660538948,59.97243516440862,62.6050877843718,1.2919854174546033
0.43736666919307293,61.38891891598546,60.12218885125252,62.75456458665933,1.2920223569155258
0.43869929395246354,61.541548879576155,60.27202005810419,62.90089282847833,1.2920385447661789
0.4400319187118541,61.69389761732188,60.42197218586032,63.047009846847374,1.2920339895543385
0.4413645434712447,61.845979074634826,60.5720487704199,63.200036142486155,1.2920072370139604
0.4426971682306353,61.99781817584087,60.72233348392274,63.3536723554531,1.2919584562031645
0.4440297929900259,62.14942942171343,60.87277873173638,63.511170214772775,1.2918896695264144
0.4453624177494165,62.30079470649412,61.02335437084647,63.66828347785022,1.2917998571900944
0.4466950425088071,62.45192905669157,61.174071677846754,63.82494793319837,1.2916872663413987
0.4480276672681977,62.60285138999559,61.3249168466724,63.98135829005834,1.291552919104047
0.4493602920275883,62.75356736938691,61.47586695239616,64.13750794683784,1.2913980216065692
0.45069291678697887,62.904067188803026,61.62690525678347,64.2933735701959,1.2912213159097026
0.4520255415463695,63.054359513999,61.778064675599516,64.44486387071025,1.2910215968111551
0.4533581663057601,63.20445335882151,61.929315763158606,64.59344351479668,1.2908006137693706
0.45469079106515065,63.35435017136434,62.08186263009054,64.74180316556593,1.2905579100135935
0.45602341582454126,63.50404658527451,62.23503821681052,64.8897485208509,1.2902931174325702
0.45735604058393187,63.65354209745405,62.382295636576075,65.03709479977053,1.2900060573468695
0.4586886653433225,63.802836722746015,62.53307746058354,65.18418751318862,1.2896978535799632
0.4600212901027131,63.951935403253096,62.68560537663912,65.33100845812606,1.2893670176877816
0.46135391486210364,64.10083353405128,62.83595442407628,65.4759262916736,1.2890142963381186
0.46268653962149425,64.24952349098777,62.98723198809018,65.62325827073687,1.2886400191343383
0.46401916438088486,64.39800155087957,63.13822430452939,65.77153310959994,1.288243487975776
0.4653517891402754,64.54627741965741,63.28885954147227,65.91516678867816,1.2878234015666488
0.46668441389966603,64.6943409250078,63.43938869209876,66.05720801372122,1.2873807978478973
0.46801703865905664,64.84217903813901,63.590064557759035,66.19885387482574,1.2869156800382058
0.46934966341844725,64.98979050814087,63.74059377098375,66.34376944162015,1.2864254790398053
0.47068228817783786,65.13718581505111,63.88804248886842,66.49337883399035,1.285909400789178
0.4720149129372284,65.28434816234314,64.03366751707335,66.64093476306884,1.2853681338312546
0.473347537696619,65.43125978098055,64.18025849726162,66.78472149467886,1.284800485912662
0.47468016245600964,65.57792889555743,64.32636205917068,66.92285181484847,1.284203347440164
0.4760127872154002,65.72435911822319,64.47194398133624,67.06312221816549,1.2835757913363088
0.4773454119747908,65.87052771505273,64.61697840617359,67.20487414736127,1.282917937274087
0.4786780367341814,66.01641385498888,64.76148334468061,67.35721098705696,1.2822275933350804
0.480010661493572,66.16203720709609,64.9054691800192,67.50685196192302,1.2815021880404995
0.48134328625296263,66.30738977815936,65.04912616967522,67.6509986640662,1.2807402006869797
0.4826759110123532,66.45244521616947,65.19350020395377,67.79320579787766,1.279941562257358
0.4840085357717438,66.59718502208456,65.33733279847081,67.93515529620986,1.2791042087759394
0.4853411605311344,66.74163431153136,65.480635438796,68.07683821561928,1.2782258868639564
0.48667378529052496,66.88577595032244,65.62483404748104,68.21825288927748,1.2773049793287625
0.4880064100499156,67.02958343102532,65.77300354675519,68.35942738838352,1.2763419675331755
0.4893390348093062,67.17304654745718,65.91847317122885,68.50038576296625,1.2753355861307456
0.4906716595686968,67.31618670623685,66.05665450421046,68.64079661121353,1.2742833824411925
0.4920042843280874,67.4589848882081,66.1943342685466,68.77921703725663,1.2731845302866653
0.49333690908747796,67.60141944059379,66.33153988744864,68.9135449859704,1.2720404703505241
0.49466953384686857,67.74349057154198,66.46829660454705,69.04694758482015,1.2708504636844358
0.4960021586062592,67.88520959452352,66.60459838011126,69.18000724360961,1.269611996404199
0.49733478336564974,68.02656411296344,66.74044909045944,69.31272420789689,1.2683254646862163
0.49866740812504035,68.16754198809623,66.87613661493943,69.44509482738613,1.2669929236519564
0.500000032884431,68.308147162737,67.0135009684016,69.58141000194544,1.2656135288730688
0.5013326576438216,68.44838449373812,67.15286362259164,69.71735748911978,1.2641855220359453
0.5026652824032122,68.5882528638687,67.29179667333828,69.85287214573667,1.2627100575510324
0.5039979071626027,68.72775068007451,67.43052211297619,69.9879546253472,1.2611888256205475
0.5053305319219934,68.86687619140747,67.56894701593693,70.12260434405968,1.25962113436861
0.506663156681384,69.00563750526138,67.70694227516725,70.25682489765104,1.2580062900849407
0.5079957814407745,69.14404435629166,67.84451498365584,70.39062247857558,1.2563451430676884
0.5093284062001652,69.28210039405589,67.98167110714992,70.52400288280876,1.2546387055813604
0.5106610309595557,69.41979742919824,68.1185017748016,70.65902247536893,1.2528870047370826
0.5119936557189464,69.55715127860269,68.2560097230207,70.79494297886471,1.2510898680008244
0.513326280478337,69.69417983415204,68.39503585916222,70.93034547011084,1.2492472119965299
0.5146589052377275,69.83088360170287,68.53393879939632,71.06522470003225,1.2473599665098065
0.5159915299971182,69.96725484014222,68.6727117053782,71.19958581378297,1.2454287340900725
0.5173241547565087,70.10331469186893,68.81017810182617,71.33344590948789,1.2434533811859012
0.5186567795158993,70.23908439025263,68.94077540237946,71.46682345210655,1.241433128978235
0.51998940427529,70.37455595187294,69.07110348790364,71.59970648861298,1.2393691875399446
0.5213220290346805,70.50972942407607,69.20114148317829,71.73047943987207,1.237262225373223
0.5226546537940712,70.64462397517148,69.33947498313026,71.8608861811424,1.2351120595611826
0.5239872785534617,70.77925669617312,69.48146313420632,71.99095897944179,1.2329181495448327
0.5253199033128523,70.91361802867166,69.62317586540006,72.12070003545536,1.2306813838099595
0.5266525280722429,71.0477111060136,69.76461537650975,72.24926156814989,1.2284023436220197
0.5279851528316335,71.18154627429202,69.90579067941908,72.37616965652511,1.2260814016679
0.529317777591024,71.31513229599582,70.04670935335321,72.50294668393492,1.2237182481813773
0.5306504023504147,71.44846671420703,70.18737112305608,72.63393376494749,1.2213130190197083
0.5319830271098053,71.58154580992257,70.32777101199396,72.76535007696476,1.218866364850223
0.5333156518691959,71.7143663339643,70.46883755614846,72.89042238018669,1.2163798382289392
0.5346482766285865,71.84693287106666,70.60975857711249,73.01814205341309,1.2138524227501617
0.535980901387977,71.97925028211819,70.75043795484129,73.145513284377,1.2112840651778622
0.5373135261473677,72.11130155483154,70.8905505285998,73.27252999340615,1.2086758076594908
0.5386461509067583,72.24306916913774,71.02216180898533,73.39917190071115,1.206029742252518
0.5399787756661488,72.37456558678619,71.15364501906204,73.52541494502921,1.2033437027180829
0.5413114004255395,72.50579181125747,71.28498009250718,73.65128162996682,1.2006187721903092
0.54264402518493,72.63671963528294,71.41616203097688,73.77675507303165,1.1978562048278023
0.5439766499443206,72.76732372211382,71.54720759941014,73.90180234860463,1.1950572410577045
0.5453092747037113,72.89762947554033,71.68183459007697,74.02640630104732,1.192220039960338
0.5466418994631018,73.02762576917254,71.8200981619668,74.15059702903157,1.1893468305649602
0.5479745242224924,73.15728021576015,71.95960960414581,74.27434651636726,1.1864384937167853
0.549307148981883,73.28657102655396,72.09644624381298,74.39762215294331,1.183495167791127
0.5506397737412736,73.41552900551744,72.22889277485241,74.52042509676737,1.1805169661851376
0.5519723985006643,73.54413310239116,72.35676106204268,74.6427764505032,1.177506123402453
0.5533050232600548,73.67235197470781,72.48406276498218,74.7646478272311,1.1744629306384777
0.5546376480194454,73.80017585461273,72.6110212176074,74.88601572057401,1.1713873614950507
0.555970272778836,73.92763040163186,72.73763057485617,75.00689859735799,1.1682815406238822
0.5573028975382266,74.05469033681817,72.86430762156633,75.12729969856343,1.1651468364555655
0.5586355222976173,74.18132763969659,72.9901722284471,75.24720028627591,1.1619832962067407
0.5599681470570078,74.30754867776564,73.1157828209424,75.36658892448675,1.1587916953828223
0.5613007718163984,74.43336581814089,73.24619550724837,75.48548713328614,1.1555748151535818
0.562633396575789,74.55875339464359,73.37134505708411,75.6038888156108,1.1523331857540036
0.5639660213351796,74.68368711035569,73.49616058078223,75.72178324109781,1.1490673232276647
0.5652986460945701,74.80818731540103,73.62064286246104,75.83908016680155,1.14577868895906
0.5666312708539608,74.93225121456268,73.74478933237836,75.95535472486355,1.1424694295223703
0.5679638956133514,75.05585397265284,73.87068442228453,76.07112163565284,1.1391400568347156
0.5692965203727419,75.1789771121369,74.00148173715435,76.18370690556627,1.1357915933042793
0.5706291451321326,75.30164660142141,74.12508812881808,76.29520311992871,1.132425424671239
0.5719617698915231,75.42384968997725,74.24830320996847,76.41283643804782,1.129043065541442
0.5732943946509138,75.54556288239601,74.36706178734869,76.53057394314929,1.1256452720082388
0.5746270194103044,75.66677659189556,74.48696189988438,76.64625734652024,1.1222334251414614
0.5759596441696949,75.78751423620827,74.60815846937226,76.76031166645417,1.1188080660304187
0.5772922689290856,75.90775942250512,74.72961246758776,76.87292998902508,1.1153705020117537
0.5786248936884761,76.02749234920475,74.85148601500839,76.98269137184579,1.1119220132885863
0.5799575184478668,76.1467140461262,74.9730420554517,77.09473173984068,1.1084636664554144
0.5812901432072574,76.26543907362718,75.09428660314421,77.20856688032602,1.1049950363483076
0.5826227679666479,76.38365444363849,75.2152289043813,77.31939756783072,1.1015176126302246
0.5839553927260386,76.50134719924745,75.33738390563289,77.43502318523379,1.0980331886264327
0.5852880174854291,76.6185255697135,75.45811462053017,77.55096612320953,1.0945416819927791
0.5866206422448197,76.73519530165953,75.5776945067472,77.66853023585062,1.0910420941157701
0.5879532670042104,76.8513509971719,75.69622502594243,77.78781360639645,1.0875362531807145
0.5892858917636009,76.96698815350528,75.8143777964875,77.90572107893347,1.0840260360577558
0.5906185165229915,77.08211358292837,75.9321730138828,78.02306483556265,1.0805097017032417
0.5919511412823821,77.19673170856815,76.05046520314806,78.13738151106608,1.07698603862566
0.5932837660417727,77.31084475141888,76.17061467424409,78.24935497970623,1.0734570296116541
0.5946163908011634,77.42445406782265,76.29377241070198,78.36021035468545,1.0699238312511876
0.5959490155605539,77.53756133969517,76.41665973416333,78.47060855828882,1.0663833104217908
0.5972816403199445,77.65017536837959,76.53924478222274,78.58055172913413,1.0628341632720306
0.5986142650793351,77.76230554115406,76.66160547159785,78.69004884506543,1.0592780589073556
0.5999468898387257,77.87395317340669,76.78147474541292,78.79910161899228,1.0557145877533238
0.6012795145981163,77.9851169918232,76.90001684022833,78.90805413716409,1.0521404125125478
0.6026121393575069,78.09581380637674,77.01458108698233,79.01506140657888,1.0485540292746454
0.6039447641168975,78.20606071157778,77.12882476507325,79.11801249977653,1.0449558203868896
0.6052773888762881,78.31585074549352,77.24286060771219,79.22237828667254,1.0413445417007423
0.6066100136356787,78.42518764742553,77.35840572030008,79.33148407930685,1.0377174637998778
0.6079426383950692,78.53409642909052,77.47594184741908,79.4451066972553,1.034072474126317
0.6092752631544599,78.64259936337488,77.59304950002542,79.55731342441604,1.0304085766657998
0.6106078879138505,78.7506784722247,77.70229123072734,79.66333324328342,1.0267250931842178
0.611940512673241,78.858347831462,77.81566535677504,79.7697738726121,1.0230199239495892
0.6132731374326317,78.96563748581224,77.93691903286674,79.87838032042043,1.01929023560039
0.6146057621920222,79.07256797137882,78.05732720161652,79.97906531067503,1.0155344691747539
0.6159383869514129,79.17911739111437,78.17229662955985,80.08165632314078,1.0117533320208614
0.6172710117108035,79.28530599923022,78.28681536611553,80.18535235276664,1.007945048697849
0.618603636470194,79.39116154503137,78.40022523333775,80.2885534309619,1.0041060958208134
0.6199362612295847,79.49669635529186,78.51338764846854,80.39126607533169,1.0002359384869202
0.6212688859889752,79.6018954089022,78.62634493143315,80.4934966956428,0.9963359623139512
0.6226015107483659,79.7067725677811,78.73910791656411,80.60365244816208,0.9924043386825168
0.6239341355077564,79.81134309607286,78.8516557653327,80.71444506137887,0.9884377023187685
0.625266760267147,79.91561429560956,78.96400864600972,80.82569504200954,0.984436882422381
0.6265993850265377,80.01957981569515,79.07547647838719,80.92710789091896,0.980402902602754
0.6279320097859282,80.12323461684751,79.1862862722413,81.02808060710089,0.9763336704209348
0.6292646345453188,80.22657470227517,79.29663737206536,81.1286060641651,0.9722273388237915
0.6305972593047094,80.32961729447561,79.40653182037403,81.22869492841143,0.9680847897919614
0.6319298840641,80.43235085635109,79.51596400589995,81.3364422748393,0.9639061572256874
0.6332625088234906,80.53474961283626,79.62492955696396,81.44076128254088,0.9596896668301437
0.6345951335828812,80.63679650972865,79.73343799622026,81.53886025436839,0.9554352512081014
0.6359277583422718,80.73852327043221,79.83506592652009,81.6342947747409,0.9511427203470688
0.6372603831016624,80.83990437044433,79.93376807064345,81.72917523500983,0.9468113237873591
0.638593007861053,80.94090157421572,80.03216249930999,81.82349223531975,0.9424407549200863
0.6399256326204436,81.04150079804315,80.13025629749428,81.91791211998678,0.9380315369803847
0.6412582573798342,81.14173606454186,80.22804758654598,82.01455846737886,0.9335821927789613
0.6425908821392248,81.24157450759415,80.32618482378754,82.11756009559791,0.9290920487227858
0.6439235068986154,81.34097847791736,80.43580233660786,82.21350197799191,0.9245623760513354
0.645256131658006,81.43994927351547,80.54617792334255,82.30520585150406,0.9199930365472277
0.6465887564173965,81.53850785703114,80.65604711779905,82.39886579739913,0.9153818359967004
0.6479213811767872,81.63662766206816,80.76539664161024,82.49398722535653,0.9107291815936053
0.6492540059361778,81.73428261432376,80.87423910025446,82.58875842237354,0.906036703412286
0.6505866306955683,81.83148665553043,80.98257777957234,82.68318210448182,0.9013034873654122
0.651919255454959,81.92824541884862,81.0905625412342,82.7772526596727,0.8965272187165771
0.6532518802143495,82.02454473591261,81.19808319260017,82.87096651235576,0.8917093620201666
0.6545845049737401,82.12037329900612,81.30507381809787,82.9643351373349,0.8868509136120407
0.6559171297331308,82.21574650368741,81.40691931955094,83.0573500115126,0.8819504623692264
0.6572497544925213,82.31066242453772,81.50389414123792,83.14787606260766,0.87700580849577
0.658582379251912,82.4051124806851,81.59898065418682,83.23764761649595,0.8720187418645022
0.6599150040113025,82.49909511704946,81.69370800722201,83.3268436883872,0.8669896355728665
0.6612476287706931,82.59262582911434,81.7875347789285,83.41591907865386,0.8619164381226215
0.6625802535300838,82.68569291626102,81.87934393977321,83.50461934614489,0.8567971740527857
0.6639128782894743,82.77828195865344,81.97088226679521,83.59175365718822,0.851633251373628
0.665245503048865,82.87040007992373,82.06215773405027,83.67751997147988,0.8464250199126847
0.6665781278082555,82.96206156313491,82.15348056480512,83.76570306903437,0.8411693519970024
0.6679107525676461,83.05323865656447,82.24964625378449,83.85671005537151,0.8358648159101605
0.6692433773270368,83.14390332975292,82.3469331507322,83.93989167232031,0.830512611778093
0.6705760020864273,83.234082098317,82.441702773184,84.02239593073627,0.8251130566462961
0.6719086268458179,83.32377537396782,82.53866020275575,84.10622915562745,0.8196618740085462
0.6732412516052085,83.41294010862944,82.63384831618055,84.19091703249873,0.8141590900607123
0.6745738763645991,83.50153989456294,82.73066152279387,84.2772015132783,0.8086058625940841
0.6759065011239896,83.58962219117917,82.82694956908618,84.36170348662486,0.8030023369662468
0.6772391258833803,83.67716687496848,82.92265487189601,84.44418854818042,0.7973441688572517
0.6785717506427709,83.76412347339193,83.01779314894964,84.52603440584438,0.7916330644915904
0.6799043754021615,83.85046265034569,83.11239838691576,84.60730296370176,0.7858703330153097
0.6812370001615521,83.93623852438306,83.20792193139972,84.68794249661056,0.7800558967711896
0.6825696249209426,84.0214179458413,83.30470547918264,84.7678824828814,0.7741870578410356
0.6839022496803333,84.10595412869154,83.40099503856307,84.84711051954388,0.7682666485550294
0.6852348744397239,84.18983779772306,83.49675185058474,84.9256854185647,0.7622962444328217
0.6865674991991145,84.27311077642022,83.5919033540017,85.00354312410559,0.7562758179768188
0.6879001239585051,84.35574307324497,83.68641884462326,85.0806216592781,0.7502052230263849
0.6892327487178956,84.43770204284004,83.77646158240518,85.15693654860112,0.7440873770062516
0.6905653734772863,84.51899841361677,83.86329229001406,85.23281619083234,0.7379244954438722
0.6918979982366769,84.59965322985103,83.94941460607927,85.31148836142616,0.7317167684205539
0.6932306229960674,84.67965361091221,84.0347924294177,85.38943723357744,0.7254659972429676
0.6945632477554581,84.75898764138171,84.11947041997365,85.46666607277189,0.7191745923575829
0.6958958725148486,84.83766833406877,84.20578839294936,85.54318327898878,0.7128454149617449
0.6972284972742392,84.91570836580922,84.2885666627407,85.61860344072079,0.7064789568385994
0.6985611220336299,84.993113622724,84.36931913530086,85.69294038533741,0.7000777286478341
0.6998937467930204,85.06988897660047,84.44954419391296,85.76660313558419,0.6936434121681949
0.7012263715524111,85.14603817409812,84.52924242808581,85.83960468968137,0.6871791712324437
0.7025589963118016,85.22157726251703,84.60841613893986,85.91196263540864,0.6806857087224268
0.7038916210711922,85.29652396417943,84.68723295148648,85.98369202973076,0.6741652567313902
0.7052242458305829,85.37088869066828,84.76544035392088,86.05479536020128,0.6676190788813279
0.7065568705899734,85.44466971994187,84.84299049454047,86.12528218028208,0.661050295333853
0.7078894953493641,85.51788473719694,84.91995204289908,86.19218114775238,0.6544597721755278
0.7092221201087546,85.59055258167986,84.99656627652826,86.25780465938519,0.6478490333455347
0.7105547448681452,85.66268132441894,85.0726725300314,86.32286917271865,0.6412194210432177
0.7118873696275358,85.73427127966873,85.14826591041223,86.38737231244662,0.634574033436247
0.7132199943869264,85.8053326663114,85.22336254879406,86.45134312044186,0.6279138868793067
0.714552619146317,85.87587581506372,85.29796547646725,86.51481272643805,0.6212397715821867
0.7158852439057076,85.945911056347,85.3713939157918,86.57951630763309,0.6145536373823045
0.7172178686650982,86.01543798698054,85.44360175147087,86.64695927675932,0.6078585934450043
0.7185504934244887,86.08445294104064,85.51509403597778,86.7129660681304,0.6011556151978826
0.7198831181838794,86.1529555017436,85.58587363101155,86.77841494055143,0.5944450984062155
0.72121574294327,86.22096571232896,85.6559566546871,86.84331262729035,0.5877296247257993
0.7225483677026606,86.28847419584999,85.72536355667272,86.90525540287716,0.5810122847193878
0.7238809924620512,86.35546438865465,85.79410993439333,86.9634416673218,0.5742933723091592
0.7252136172214417,86.42193301915711,85.86516590408563,87.02117812550905,0.5675732010918717
0.7265462419808324,86.48790665624763,85.94082161357142,87.07847237083246,0.5608545301069167
0.727878866740223,86.55336618260422,86.01147154310586,87.13532075178595,0.5541402463846142
0.7292114914996136,86.61828841493943,86.07659419548976,87.19172680017248,0.5474294430557743
0.7305441162590042,86.68267841806016,86.14131532412843,87.2477027153905,0.5407222584480382
0.7318767410183947,86.74655802715303,86.21623261393484,87.30310167016515,0.5340213151369776
0.7332093657777854,86.80990612869769,86.2894987469696,87.35737173956628,0.5273286384936952
0.734541990537176,86.87270149578858,86.35681785224428,87.41123640742579,0.5206424313979133
0.7358746152965665,86.93496175583135,86.42474426851044,87.46469620683368,0.5139624793772238
0.7372072400559572,86.99669624498263,86.49217986695334,87.51808892243233,0.5072912605501899
0.7385398648153477,87.05789049747442,86.56294696894389,87.57297040670501,0.5006295322045125
0.7398724895747383,87.11853274741208,86.63530517330614,87.62741362641265,0.49397541566246067
0.741205114334129,87.17864372323177,86.70724617267922,87.68332366231574,0.487328658926581
0.7425377390935195,87.23822605657824,86.77967799711232,87.73991106402184,0.48069167569713706
0.7438703638529102,87.29727329714244,86.84861522635966,87.7959033614135,0.47406426732922957
0.7452029886123007,87.35578392616122,86.90818278183765,87.85131006871221,0.4674453579739407
0.7465356133716913,87.4137752116775,86.96730628549058,87.90613934656194,0.4608356754334114
0.7478682381310819,87.47124753727172,87.03343714740522,87.957159597747,0.45423696128667573
0.7492008628904725,87.52819879965631,87.1005665046975,88.0032079658436,0.447649264364912
0.7505334876498632,87.58463477087044,87.1673556827232,88.04883002884614,0.4410731459187824
0.7518661124092537,87.64056831610111,87.23348612051726,88.09428161630706,0.43451077032890695
0.7531987371686443,87.69599656058762,87.29667393514502,88.14331166793312,0.4279627973447478
0.7545313619280349,87.75091622814652,87.3530035093771,88.19185881185946,0.4214305028337662
0.7558639866874255,87.80534066012247,87.40826125905146,88.23995906405607,0.4149167309980781
0.757196611446816,87.85927655470437,87.46655001854134,88.28759730055472,0.40842413365313823
0.7585292362062067,87.91271480443874,87.5262736280974,88.33346850812553,0.40195263121366664
0.7598618609655973,87.96564820689062,87.58821547689183,88.3762674791151,0.3955048168146273
0.7611944857249878,88.01810026330902,87.64836492072806,88.4227150380361,0.3890856406626527
0.7625271104843785,88.07006740104794,87.70924737918615,88.46744158230618,0.3826967546443567
0.763859735243769,88.12153231979057,87.7668229074013,88.51068397618556,0.37633791859924914
0.7651923600031597,88.17248702135227,87.82403337897428,88.55178747492823,0.37001244355375185
0.7665249847625503,88.22296447833709,87.88082252191724,88.59250639402231,0.36372601055060066
0.7678576095219408,88.27294720560434,87.93640439877888,88.63234571334735,0.35747886911471766
0.7691902342813315,88.32240872401273,87.99167559217062,88.67465929132699,0.3512701290609052
0.770522859040722,88.37134915738065,88.04725019957112,88.71729947835216,0.3451031057652317
0.7718554838001127,88.41980378150372,88.10236252297713,88.75979633377916,0.3389831619178177
0.7731881085595033,88.46773948880747,88.15947018281138,88.80265112223317,0.332908860567153
0.7745207333188938,88.51511984975593,88.21572269621295,88.84511536633576,0.32687787665195317
0.7758533580782845,88.56196747644627,88.27133382364156,88.88930588623766,0.32089315501011395
0.777185982837675,88.60830425281814,88.32624444549894,88.92744754118011,0.3149595566963461
0.7785186075970656,88.65408323270634,88.3805400736772,88.96592446669415,0.30907310110415354
0.7798512323564563,88.69926080276964,88.43135984272793,89.00586597374433,0.3032301899795144
0.7811838571158468,88.7438916955693,88.48064135183384,89.0472556986516,0.2974335924553591
0.7825164818752374,88.7879694439174,88.52925520984883,89.08644705438593,0.2916874472139096
0.783849106634628,88.8314373914781,88.57731544814058,89.1267359172413,0.28598453718949396
0.7851817313940186,88.87425654096106,88.62385569072173,89.16958453064949,0.2803207438530138
0.7865143561534093,88.91650403634652,88.66921070154281,89.20737557586521,0.27469993657531944
0.7878469809127998,88.95814569815327,88.71490064274099,89.23792248932975,0.26912413659829515
0.7891796056721904,88.99911846610024,88.76038763815208,89.27293292415109,0.26358305173239865
0.790512230431581,89.03940455873814,88.80521837618367,89.30700716769786,0.25807327971403454
0.7918448551909716,89.07908410370767,88.85070050450229,89.33863511957547,0.2526006375805332
0.7931774799503623,89.11810304290286,88.8946681091325,89.37073289039762,0.2471628648716889
0.7945101047097528,89.1563965936577,88.93395584762479,89.40208898477115,0.24174823483588806
0.7958427294691434,89.19398561966771,88.97651766962946,89.43545766325975,0.23635498586675413
0.797175354228534,89.23092847459701,89.02024662447255,89.4645659160509,0.23099046913008953
0.7985079789879246,89.26716274806728,89.06334150568307,89.4953801998781,0.22564627092144438
0.7998406037473151,89.30262715631633,89.10618727884422,89.52572560299515,0.22031139698460175
0.8011732285067058,89.33739119227845,89.14822168867069,89.55629509294548,0.21498739925001817
0.8025058532660964,89.37147105917646,89.18944526804557,89.58574569620798,0.20968032825254265
0.8038384780254869,89.40480330169994,89.22993522973593,89.61541098980578,0.2043754108214741
0.8051711027848776,89.43734038653648,89.26964088180236,89.64204447250864,0.19906519467147876
0.8065037275442681,89.46918612846127,89.30849915962993,89.6699089352256,0.19375544916612447
0.8078363523036588,89.50031584331076,89.34666533280766,89.69379429928301,0.1884477585851855
0.8091689770630494,89.53065861536497,89.38365847921308,89.71822365998874,0.18312402216006246
0.8105016018224399,89.56019280139924,89.4185419022333,89.74246257299568,0.1777816879701227
0.8118342265818306,89.58903967957906,89.45260348204884,89.76514045730029,0.172431549869313
0.8131668513412211,89.61713220104333,89.48477998969089,89.78668656402226,0.16706901251304676
0.8144994761006118,89.64438163078025,89.51545718797198,89.80747486057588,0.1616776324872595
0.8158321008600024,89.67081689350121,89.54515923459032,89.82867564647155,0.15626145667022437
0.8171647256193929,89.69654885564017,89.57235397922199,89.84847206154355,0.15083496075537417
0.8184973503787836,89.72146749278939,89.60102714092511,89.8672491668069,0.14538343077288432
0.8198299751381741,89.74545920186587,89.62888004098053,89.88574104265987,0.1398025989069723
0.8211625998975647,89.76864795598058,89.65588847357782,89.90463548913307,0.13411589876340244
0.8224952246569553,89.7910833960806,89.6821792782856,89.92260291713669,0.12836560464903352
0.8238278494163459,89.8126242829087,89.70734737079485,89.93877704181128,0.12255023109568558
0.8251604741757365,89.83315307599308,89.73119734751894,89.95362639014888,0.1165406781846429
0.8264930989351271,89.85289305958379,89.75397379769227,89.96683917832286,0.11026201371343299
0.8278257236945177,89.87181306823881,89.7764093275674,89.98009538904925,0.10395768505812474
0.8291583484539083,89.88975373075475,89.79786741920245,89.99155472885444,0.09752676972404982
0.8304909732132989,89.90664003346335,89.81845131887437,90.0,0.09102444577721014
0.8318235979726895,89.92275352918448,89.83809602412619,90.0,0.08420718338522395
0.8331562227320801,89.93799600131474,89.85686013163777,90.0,0.07725098544850012
0.8344888474914707,89.95220519246703,89.87558799631697,90.0,0.07029829983470617
0.8358214722508613,89.96538640304162,89.89397579481842,90.0,0.06343636547020702
0.8371540970102519,89.97780005314411,89.91063526724598,90.0,0.05665479418869193
0.8384867217696425,89.98936866974564,89.92628537145018,90.0,0.04991543278796858
0.8398193465290331,90.0,89.94127182901398,90.0,0.0433896225538184
