model,case,window,converged,bg_percent,measured_rms,signal_rms,train_invalid,test_invalid,max_r,theta_min,theta_max,signal_min,signal_max,cross_min,cross_max,channel_bg_percent,noninterfering_percent
none,uncapped,30s,True,0.0,0.07593891418661723,0.09200825010846056,0,0,0.6879432794234016,30.2553165461595,46.99017852105573,50.05726771516093,108.95221516294487,0.0,0.0,"[0.0, 0.0, 0.0, 0.0]",
none,uncapped,10s,True,0.0,0.0749736102267795,0.0894728041073828,0,0,0.6785381557846298,31.294011915440066,45.21426931324305,54.556744973582205,104.68666403355014,0.0,0.0,"[0.0, 0.0, 0.0, 0.0]",
square,uncapped,30s,True,27.80359449049969,0.036665450494210085,0.11353372326763629,20,25,0.9592427287316819,25.787141148233836,89.57654006261558,11.259906748556437,65.27233139363713,0.0,0.0,"[6.946624177037035, 6.955173068212811, 4.782622523708555, 9.11917472154129]",
square,uncapped,10s,True,30.072730402696312,0.039665639600991946,0.10927375930457539,15,22,0.9553323053857166,30.468943146071574,89.83792509933242,14.488497984057998,61.32276862122063,0.0,0.0,"[7.430333689966244, 7.606031511381913, 4.801470999560118, 10.23489420178804]",
square,5pct,30s,True,4.999999999999064,0.07046160808601092,0.2281810870556825,0,0,0.7654945145330225,21.76682642128227,89.84703224546472,10.757556105300756,86.36088985002169,0.0,0.0,"[2.4999999999995284, 3.191891195796728e-15, 2.3453461395202046e-14, 2.499999999999509]",
square,5pct,10s,True,4.999999999999891,0.06434418989736458,0.08394328544161177,0,0,0.7444275351534456,32.084620136056806,49.303532432117066,47.107099264123896,99.30265834645671,0.0,0.0,"[2.4999999999999436, 1.6653345369376985e-15, 4.440892098500529e-15, 2.499999999999941]",
square,10pct,30s,True,9.999999999993703,0.05384480015144443,0.08375344897340832,0,0,0.8642731327423792,29.35766596463388,58.151029024743536,30.40225939623273,96.49777636166428,0.0,0.0,"[4.999999999996589, 2.6201263381137195e-13, 2.492450690281907e-13, 4.999999999996603]",
square,10pct,10s,True,9.99999999999501,0.05529479588241456,0.0783997144200305,0,0,0.8343964210302703,32.46683389149616,54.084356153867425,39.32348364054104,93.40292408036548,0.0,0.0,"[4.999999999997307, 1.9817480989549156e-13, 2.0927704014173755e-13, 4.999999999997296]",
square,20pct,30s,True,19.999999999999996,0.04217315900771823,0.08877270464375966,9,9,0.9404870371270523,30.13190815088366,74.29995576791792,20.09258676223633,79.82410575528408,0.0,0.0,"[6.526918385297256, 3.473081614702744, 1.569446810279143, 8.430553189720857]",
square,20pct,10s,True,19.9999999999999,0.044640906665872504,0.07827266496545184,7,4,0.9304169370133323,34.08598766485537,65.50219068393594,28.481497140555824,79.64337358055515,0.0,0.0,"[6.958729256674912, 3.041270743325038, 0.9841847277659567, 9.015815272233993]",
richard_product,uncapped,30s,True,0.0,0.046287272877184406,0.22868895851825288,7,3,0.9359544850889774,30.728902675846903,89.37375389821959,8.632884328029622,35.960971503087684,30.533999553722726,60.50173552519436,"[0.0, 0.0, 0.0, 0.0]",
richard_product,uncapped,10s,True,0.0,0.0462731708844155,0.22806822838558155,6,14,0.9800642947975461,35.18878702111275,87.75610819726259,9.534523474092495,30.91666505987536,35.892730057191,64.11194052077711,"[0.0, 0.0, 0.0, 0.0]",
complex,uncapped,30s,True,88.49887495876847,0.02917982770471218,0.02004181911248637,6,8,0.9391166296515846,32.3327488887159,65.2368341572222,54.52925968958061,167.20710130163098,-158.07841113446966,-92.06369626338939,"[25.18024060127035, 19.06919687811389, 23.729539288578767, 20.51989819080547]",
complex,uncapped,10s,True,90.83521251500562,0.031875716662983514,0.022477244377974173,6,5,0.9348686200168113,36.345591612932814,63.90934785144563,65.72201851205509,158.99962110534017,-155.16365769224507,-100.71014180476733,"[26.19981137918596, 19.217794878316855, 24.97743294542258, 20.440173312080237]",
complex,5pct,30s,True,4.99999999997243,0.04821860877671881,0.12857286950260471,5,4,0.9332133885617113,30.946410519673258,75.22223393858367,16.715354927162725,63.80284618448736,16.869188955904857,32.11919975787526,"[1.7058716850602935, 0.7941283149259207, 0.3691073510641993, 2.1308926489220155]",
complex,5pct,10s,True,4.999999999982193,0.04906877142552919,0.11074034900237427,6,4,0.9333091737703345,34.91943651831552,67.94275498068001,22.918718169935797,63.84249585319103,18.69591246708203,31.874503048175665,"[1.7991853062805847, 0.7008146937105116, 0.2592831533518755, 2.2407168466392213]",
complex,10pct,30s,True,9.99999999997077,0.041479347068901176,0.16473124901914368,5,2,0.9299649649675293,29.08296629388489,89.94784510869863,10.244454028429061,47.30406255380158,18.10168791684827,37.70329337134839,"[3.021574573113015, 1.9784254268723702, 1.3388737149828955, 3.6611262850024895]",
complex,10pct,10s,True,9.99999999996386,0.043610402555414894,0.1473359999179145,4,5,0.9338409254091946,35.20455259304775,88.05923804013526,13.801539228948233,44.73580583213072,22.203371300538937,39.78764893459388,"[2.8814091533161914, 2.118590846665739, 1.2053823880056327, 3.7946176119762973]",
uniform,uncapped,30s,True,57.1091199537169,0.018113105314011172,0.06376359794614672,10,6,0.9364515573922617,12.471477799091748,89.93773291054691,5.2846653046171435,126.4952905609629,-100.04065214758424,-4.670716252560594,"[17.354528528646835, 11.200031448211616, 10.62916321385217, 17.925396763006283]",11.19994051983968
uniform,uncapped,10s,True,56.84724546616428,0.021626806857830697,0.08814963613245831,7,17,1.0349062231571247,14.622480129821652,89.94001353971984,6.936166261266176,121.23982460350096,-93.25982166355122,-6.203631099736095,"[17.274949150277145, 11.148673582804994, 10.580423070911838, 17.843199662170303]",11.148583071386092
uniform,5pct,30s,True,4.999999990173368,0.05547152470275782,0.060718801304766576,0,0,0.7965583539770076,34.558133376432565,89.78695035584185,35.18969093295102,118.11750802793829,-37.26826530049007,-10.070511685513463,"[1.4102746798608354, 1.089725315225849, 1.5984976934049016, 0.9015023016817828]",2.2369884255412428e-05
uniform,5pct,10s,True,4.977072436111059,0.06101792157217325,0.06963467379597074,0,0,0.7924649728552867,34.69936685713443,89.50428942556155,35.41159787735423,117.97676518898217,-36.32659563088053,-10.237764968543352,"[1.4038078500550828, 1.0847283680004467, 1.5911677649336924, 0.8973684531218374]",2.2267306909084114e-05
uniform,10pct,30s,True,9.999999900491227,0.04320612430617166,0.03849508351369457,0,0,0.8450152245928025,39.31071855024791,89.99052750917069,46.23906615473083,123.27148315131339,-49.48468772708451,-17.25330223499859,"[2.777948471728075, 2.222051478517538, 2.6714284386268403, 2.3285715116187724]",1.496273051220855
uniform,10pct,10s,True,9.954144792732786,0.04952398476916906,0.04591362997153707,0,0,0.8340649540666714,39.64525093884582,89.91357123665999,46.41121619043894,121.90669369319744,-48.09195944048839,-17.26055603432929,"[2.765210158949469, 2.211862237416924, 2.659178574612724, 2.317893821753669]",1.489411874952602
uniform,20pct,30s,True,19.999999999981238,0.024310682069847846,0.02362130525396556,10,13,0.941492875688828,40.17750354924979,76.96802547463773,47.33944639596555,114.66600805657013,-45.381009828507146,-16.925833239015216,"[6.690109057315387, 3.3098909426752314, 3.022813506990587, 6.9771864930000325]",12.332346692660884
uniform,20pct,10s,True,19.908289783551844,0.027735631790111636,0.02713578221444418,0,0,0.9174145054683731,42.95113420333797,74.38859172058181,53.58420270626627,112.81434638210867,-44.1438430206196,-17.937449537399555,"[6.659431489836226, 3.2947134019396955, 3.008952362942984, 6.945192528832939]",12.27579658344752
three,uncapped,30s,True,55.02123525853761,0.007393840795259737,0.030187013139133773,15,18,1.0505042112452503,12.061700360252063,89.77296952659579,4.94670857421572,126.50200122184738,-97.08335885133732,4.168429191137616,"[17.140887107968968, 10.369730521299836, 10.378300523502084, 17.13231710576672]",8.63810979672049
three,uncapped,10s,True,54.768934788848725,0.012678371165790622,0.03900512477253771,10,22,1.0869309847657904,15.120987450865703,89.8631774885696,7.2444669926245355,118.53325991776023,-90.47312153046614,3.5584490680475516,"[17.062287384645714, 10.322180009778647, 10.330710714143056, 17.053756680281307]",8.598499650770549
three,5pct,30s,True,4.999999999475828,0.04754276645164832,0.05984914460406556,0,0,0.8096293611947922,31.17202746955581,89.78396532262911,26.29546991218188,106.67948143719363,-25.98831817803678,5.7379185733913936,"[1.2880258506247395, 1.2119741491131746, 1.6136482300308452, 0.8863517697070682]",1.3869432167956543e-06
three,5pct,10s,True,4.977072445370862,0.05315454736027771,0.06930632040415538,0,0,0.8085006209283806,32.62393679550529,89.83341522355141,28.13452211141174,104.9301231051291,-24.44530009208699,5.415883311624263,"[1.2821195941483619, 1.2064166285370694, 1.6062488286099865, 0.882287394075444]",1.380583373666268e-06
three,10pct,30s,True,9.999999999965837,0.034448525510596316,0.03566821878805692,0,0,0.8680216839258524,33.68567957031438,89.81956660530169,30.31280730947243,106.6037354802388,-33.19018601918632,10.334644266228429,"[2.474933732789758, 2.525066267193162, 3.1100222631635557, 1.8899777368193627]",4.858186442008211e-07
three,10pct,10s,True,9.954144891751254,0.040140279586250015,0.04410115434398155,0,0,0.8771320433127127,35.04647373978476,89.613888631675,31.70402066485098,103.73796725154781,-30.841514159142825,9.847429823159812,"[2.4635848973756196, 2.513487548500009, 3.095761222420794, 1.8813112234548328]",4.835909175505644e-07
three,20pct,30s,True,19.999999997599073,0.016370556277190442,0.024757112716252264,0,0,0.7542460357496246,26.122643282936433,58.252503857245884,24.329217333188403,96.5095105213578,-26.946073373400864,19.949918784631954,"[8.348017443224997, 1.6519825555745395, 2.6064619084853495, 7.393538090314187]",13.109477374316308
three,20pct,10s,True,19.908289781180603,0.01870521071844347,0.027634691848981277,0,0,0.7129363141438116,29.065301072636764,56.41287827401584,29.866210282037507,92.6147351127706,-26.8593131887192,20.89702695362379,"[8.309737518901237, 1.6444073716890664, 2.5945099491982306, 7.359634941392072]",13.049363723952514
three,30pct,30s,True,29.99999999543752,0.013958737483835307,0.026619036394566545,0,0,0.7094969091718881,21.93932906874126,56.26126936634394,17.15137043838328,90.62007738753334,-32.40206821937297,19.017810731624923,"[11.921762146959654, 3.078237850759106, 4.165437127951832, 10.834562869766929]",12.244695172996837
three,30pct,10s,True,29.862434670814224,0.016292186409235583,0.02964791807349317,0,0,0.652946513335844,24.74968166069035,53.65595593099839,22.133818576962465,86.58988320704765,-32.124316852264194,20.112805363995644,"[11.867094777623732, 3.0641225577833797, 4.14633647092544, 10.784880864481673]",12.188546990775409
three,40pct,30s,True,39.99999999064227,0.013345172606927308,0.03433864000331558,0,0,0.6974479509151527,19.45343249126686,56.15412866513983,11.43461002289523,76.09505780040551,-28.75614604484409,16.192122086366577,"[14.722001979221687, 5.27799801609945, 6.234137488915695, 13.76586250640544]",11.203188233399903
three,40pct,10s,True,39.81657955782622,0.01563953130424521,0.037517819201461085,0,0,0.6432293088517109,22.59508328696485,53.09872633467248,15.769455963375243,72.35926632832356,-28.203759662720106,17.21682436436675,"[14.654494079832206, 5.253795699080908, 6.205550783997716, 13.702738994915396]",11.151815892520638
three,50pct,30s,True,50.00000000000232,0.007468647312660626,0.015577387987306464,6,15,0.9419804566657768,13.167035749896161,89.88351551508326,5.54077767741137,119.12322529962557,-84.88127380765002,6.7902910250615545,"[16.040037736919288, 8.959962263081872, 9.483136138097684, 15.516863861903477]",8.876091349987181
three,50pct,10s,True,49.77072445892862,0.013998050412372773,0.03636675378353619,6,8,0.9361965234510493,17.144567188166704,89.66560301804441,8.667334912992198,110.79309067400096,-78.70103382076626,6.444843203830064,"[15.966485970299797, 8.918876259164513, 9.439651114714927, 15.44571111474938]",8.835389937049424
five,uncapped,30s,True,56.34184341882484,0.006432113264495765,0.027844360160614923,11,21,0.9364137603291091,13.875930202820646,89.9755082629696,6.192896968278105,120.03963885942999,-91.94978059735625,0.9256266498757808,"[18.28667059490505, 9.88425111450737, 10.70851720508253, 17.462404504329886]",5.563471592380803
five,uncapped,10s,True,56.08348728612603,0.010375636929893245,0.030280089919591593,6,15,0.9423126211141649,16.557016134361234,89.758146355326,8.245891644396579,112.8712150183705,-86.04705150044758,-0.08126858937680385,"[18.202816869003385, 9.83892677405963, 10.659413183556683, 17.382330459506324]",5.537960233188978
five,5pct,30s,True,4.999999922934684,0.032719240873120906,0.04331507640318061,0,0,0.7046894892461437,26.01490697468546,51.07224895184094,35.36729888160732,116.76656295065581,-33.71251855417441,19.866488545230112,"[1.459863854058628, 1.0401361074087139, 1.212361705571033, 1.287638255896309]",2.4258575632397763e-05
five,5pct,10s,True,4.977072369180699,0.034657980666317985,0.04267259632255702,0,0,0.7195217686318596,27.852902009137974,49.37326237306029,40.89911064234635,112.54510719999914,-33.35850112389967,20.369952067724537,"[1.4531696325579635, 1.0353665520323856, 1.2068024078505966, 1.2817337767397528]",2.414733767132186e-05
five,10pct,30s,True,9.999999988120257,0.024942361956964452,0.03467673195486506,0,0,0.6730134777887427,26.43975104509111,54.05092263962077,31.543381540608486,109.9793329153205,-31.05006880381734,19.06098478653963,"[3.72349095638053, 1.2765090376795987, 1.67062287097848, 3.329377123081648]",5.023173502854895
five,10pct,10s,True,9.954144879959992,0.02719738322667712,0.03523749820404568,0,0,0.694073161082591,28.7349958265053,52.29278251872973,37.34020119572635,105.88200172894643,-30.814954439363113,19.707314635061156,"[3.706416848306387, 1.2706555916736098, 1.6629622117250065, 3.31411022825499]",5.000139686399413
five,20pct,30s,True,19.999999416559398,0.015972514329922097,0.023703480717612694,0,0,0.7536644572658638,26.150893347856005,58.641825245114376,24.61638012340598,98.33175338467424,-28.750273370101215,18.737667050640745,"[8.415302913942929, 1.5846967943367685, 2.9568447004662555, 7.043155007813445]",11.872093093184024
five,20pct,10s,True,19.908289202805296,0.018432881240349804,0.02674853527878057,0,0,0.7103321989151893,29.233878208888576,56.79212017837619,30.435920287530404,94.2461863168455,-28.574887620940277,19.629826723835933,"[8.376714451365064, 1.5774301500375822, 2.94328605709485, 7.010858544307799]",11.817653481831684
five,30pct,30s,True,29.999997575576963,0.012642555563438261,0.02225803072932794,0,0,0.753137256469891,23.321799636633752,60.44375278626266,18.24468994576451,94.44265042810669,-36.24094774980458,15.609626350790316,"[12.138902351333764, 2.8610964364547185, 4.946675560583729, 10.053323227204752]",9.429449637147997
five,30pct,10s,True,29.862432262049964,0.015518382941050958,0.026317336433673618,0,0,0.6951957610125017,26.7673805041415,57.791536049322346,24.034549172708314,90.04142698916255,-35.76733534737352,16.56847100955531,"[12.083239283240909, 2.847976847784075, 4.923992526270352, 10.007223604754628]",9.38621079379631
five,40pct,30s,True,39.99999492029525,0.010297651272780366,0.02081642744672438,0,0,0.8227714506138232,22.062082287621205,68.3359958203065,13.816118331743851,91.95368574921933,-45.11213448293717,9.255050645653995,"[15.159169439590933, 4.8408280205567005, 7.316019107303992, 12.683978352843631]",5.360887080798978
five,40pct,10s,True,39.81657451072934,0.01386056173525669,0.026330944330790806,0,0,0.7666449410091275,26.71610653570854,64.82781839137994,20.095527974872372,87.45432455934917,-44.14017393966149,9.642807012488818,"[15.089656904081133, 4.818630351283543, 7.28247142251734, 12.625815832847326]",5.336304675077275
five,50pct,30s,True,49.99999999783655,0.0063140683382481595,0.017735569830859464,11,18,0.9400507267574159,16.209864143395748,89.78575657366166,7.7944030717883,111.22555560543417,-77.1037879673753,5.013185305255219,"[17.11622568380447, 7.8837743151138095, 9.221358651843316, 15.778641347074954]",5.104102024773798
five,50pct,10s,True,49.770724456772776,0.011301636567043699,0.02629444366288544,7,13,0.9368286525071746,19.884024791601988,89.7196061084674,10.783333508931037,103.18579909297229,-71.23899598792053,4.075153420238299,"[17.037739045708594, 7.847623182677798, 9.179074011956596, 15.706288216429787]",5.080697109705291
general,uncapped,30s,True,52.81329208880812,0.00494430265299289,0.03239790719468256,12,16,1.4910715927335116,8.334388571616012,89.90030848591873,2.069954632816382,110.32136977239931,-78.17942478101169,5.876237566656677,"[16.46005351385286, 9.946592530551209, 11.060399529904199, 15.346246514499853]",9.974224122593282e-06
general,uncapped,10s,True,52.57111616641723,0.009673974457127222,0.04675058975091456,0,19,1.646847249692962,12.660536851612026,89.7229291497905,4.367627892990591,101.47498767730616,-71.90771265598131,6.868663763744162,"[16.384575760343047, 9.900982322865575, 11.009681948169998, 15.275876135038608]",9.928487209943324e-06
general,5pct,30s,True,4.9999999527597,0.019617932825679488,0.02265968013631812,0,0,0.5928702537629154,31.91216220126952,49.895541965717854,45.88354713159506,99.54337329474062,-15.606767698104191,14.796970770339176,"[1.9359595518737447, 0.5640404245061053, 0.6607937224244482, 1.8392062539554013]",1.7948881100575698e-09
general,5pct,10s,True,4.977072398868952,0.023120305325395878,0.026149069995691405,0,0,0.6021784929335653,33.99494656388683,48.45669029609284,51.67166309787404,95.3003750661371,-15.271451055131786,14.993080811353728,"[1.927082188398692, 0.5614540110357837, 0.657763645659509, 1.8307725537749664]",1.786657631205566e-09
general,10pct,30s,True,9.999999990062095,0.011434124504463895,0.013866039007618396,0,0,0.6576008690874428,34.55384728126595,55.122828346620494,42.17596135912642,91.89605263369468,-11.862885024900033,17.72195138652766,"[4.192766269725285, 0.8072337253057638, 1.3478124935659177, 3.6521875014651277]",9.893008624689009e-10
general,10pct,10s,True,9.954144881892928,0.014366074047176923,0.017516273185217528,0,0,0.6081793999221238,36.606569639033204,53.42370401176984,47.2843823513186,88.67242220761186,-11.708039608599723,17.92582216209525,"[4.17354029462355, 0.8035321463229155, 1.3416320847913537, 3.6354403561551076]",9.847644126583563e-10
general,20pct,30s,True,19.99999484681304,0.007013434176346272,0.008311756451406336,0,0,0.7333645260927695,35.83686439665768,60.177008011729235,40.8550879454354,94.03620096057594,-27.210186491951486,23.18055674367303,"[9.1898958844532, 0.8101015389533197, 3.2367277621422725, 6.763269661264246]",4.5265980149442614e-05
general,20pct,10s,True,19.908284654013556,0.010235725410841381,0.012978260498965366,0,0,0.7014339553501581,35.94271991884236,58.75287637814806,42.23662159193925,93.67691430803055,-27.92859495430497,23.169171098758667,"[9.147755517426823, 0.8063868095799567, 3.221885711962804, 6.732256615043973]",4.505841250762272e-05
general,30pct,30s,True,29.999999999688892,0.0063478640654232865,0.007965960037378882,0,0,0.7683689772685078,34.66319146281151,62.809372830027186,38.47669450592788,99.30400001297252,-38.415230343188256,16.317684642070443,"[13.859460373822833, 1.1405396260216112, 5.09750601661424, 9.902493983230205]",6.473989414128794
general,30pct,10s,True,29.862434675046103,0.00981702540718907,0.012855497659144252,0,0,0.7330318327528772,34.53227223146088,60.839533458044905,39.567732433379184,98.78872130706193,-39.984720169104484,16.50636300136647,"[13.79590766829888, 1.1353096692241693, 5.074131347612527, 9.857085989910523]",6.444302865612199
general,40pct,30s,True,39.99999999994903,0.005905989132564817,0.009004068935661354,0,0,0.7834044374439668,29.124824327768078,64.66942946764783,28.284708262290785,104.28955142526401,-55.361325476993834,6.687206539602166,"[16.032582935409675, 3.9674170645648386, 6.382721355157944, 13.617278644816563]",8.721575640743085
general,40pct,10s,True,39.81657956709031,0.00973931208779535,0.014320975475047284,0,0,0.7349075691659438,32.27889989068969,61.901170982011216,34.397767548478505,99.33808885006441,-52.41061589956057,6.406825571330158,"[15.959065352863178, 3.9492244306819764, 6.353453317313416, 13.554836466231732]",8.681582761262154
general,50pct,30s,True,49.9999998425231,0.0052019522646948035,0.027502236692909875,12,16,0.944971729759579,10.489702708438742,89.84921786435861,3.1848174338601094,107.43640289407332,-72.60055935120702,8.028431842171369,"[16.095284727932803, 8.904715193328755, 10.270574896912946, 14.729425024348602]",2.028323724807484e-07
general,50pct,10s,True,49.77072430217152,0.009754593305846177,0.04027048738990539,0,19,1.21948008856961,14.886380404602512,89.72500649777935,5.850091542739669,98.71120974380909,-66.68195021227903,8.980233754198204,"[16.02147962563816, 8.863882525447602, 10.223479064580394, 14.661883086505362]",2.019022824417927e-07
edge,uncapped,30s,True,24.491741657391888,0.024919364034988147,0.04033169979735085,9,11,0.9399377407443666,32.96569202333594,67.89603647115575,26.653752784868313,82.4183758316244,-14.319825591639182,3.4718925579126934,"[7.981782940578124, 4.264087888117821, 3.7496113025845417, 8.4962595261114]",0.00020351414652560888
edge,uncapped,10s,True,24.379434510985174,0.02743791492479375,0.043769237937279826,0,0,0.9089864324618874,36.880643054505605,67.64432554661559,31.605662342406035,79.42117735327633,-13.942086975961292,3.5342983754029103,"[7.945182388529447, 4.244534866963141, 3.7324174193802198, 8.457299836112366]",0.00020258093020439268
edge,5pct,30s,True,4.999999998942266,0.056663498351617866,0.07353401139262837,0,0,0.7175798340620327,30.270914549638317,50.69622175962454,42.43336812588793,104.08805904426947,-5.321506279674956,2.433632919212912,"[1.9775774123808048, 0.5224225870903281, 0.5218986505433655, 1.9781013489277675]",2.542410725853771e-13
edge,5pct,10s,True,4.977072444839747,0.05724832555448921,0.07238738405919955,0,0,0.7016613230278755,31.950977894288723,48.38079526936739,48.45367444811234,99.89359062864385,-5.149948440327819,2.4694894922741693,"[1.9685092097560302, 0.520027012663843, 0.5195054786335863, 1.9690307437862873]",2.530752473957737e-13
edge,10pct,30s,True,9.999996149745847,0.04406734346322107,0.062426790753939275,0,0,0.7739648561075056,30.28707372447762,55.00898502169591,35.33021105070126,97.8485563469994,-6.997986735734038,3.3636542400225773,"[3.9613740161445303, 1.0386240587283952, 0.953539765605648, 4.046458309267275]",9.567565275555005e-10
edge,10pct,10s,True,9.95414105918649,0.04600445625437877,0.06227590846152493,0,0,0.7476735496103161,32.614088269292175,52.02379535641419,42.39510577678426,94.2359108057018,-6.816632300497512,3.4659854392452565,"[3.943209092725594, 1.0338614368676529, 0.9491672986917576, 4.027903230901487]",9.52369310144879e-10
edge,20pct,30s,False,19.999999999995968,0.026945976421045206,0.04342098169036417,0,0,0.9188394574547075,31.930347415831505,65.24980745606793,27.398364392270654,86.00196679264788,-11.235172259166847,3.613216528024244,"[7.543356123782399, 2.456643876215586, 2.4039099393215633, 7.59609006067642]",8.948397578476959e-13
edge,20pct,10s,False,19.90828978356651,0.030325164764302297,0.04531504933847955,0,0,0.8800410568465636,35.00016294495044,61.609044544963396,33.857686415839964,83.82461141660637,-10.988779008161575,3.7597578209811062,"[7.508765982646564, 2.445378909136692, 2.3928867842809556, 7.561258107502298]",8.907364604546003e-13
edge,30pct,30s,True,24.49171319976412,0.02491931344036393,0.04033086954961511,9,11,0.9399382998403959,32.96638849577963,67.89589092059809,26.654713431732077,82.41796138921286,-14.319507046279435,3.4708300209140526,"[7.9817709928571015, 4.264085607024961, 3.7496228641551914, 8.496233735726864]",0.00010545075056492533
edge,30pct,10s,True,24.37940618385017,0.02743799249958809,0.04376886754209939,0,0,0.9089865802218016,36.88122175600325,67.64422408411137,31.606457098220247,79.4208184884975,-13.941774899630628,3.5332523072840223,"[7.945170495594829, 4.244532596330257, 3.732428927935162, 8.457274163989917]",0.00010496720500707733
axial,uncapped,30s,True,54.92476191475392,0.004222291564021037,0.014635760952557133,0,0,0.9265119023040378,19.825348903538845,82.24475546365277,9.177533016027052,86.54789575563638,-54.51202417596035,-0.7912066533499664,"[15.417628072281959, 12.044752885095008, 9.207453115930816, 18.254927841446136]",6.189625062092856e-07
axial,uncapped,10s,True,54.67290382462694,0.00836231708559181,0.022061673751341822,0,0,0.9157404682798543,23.517522127024716,81.00832133444507,13.335107461960037,89.73052379398176,-61.53690608779429,0.2182086815733761,"[15.34693037191505, 11.989521540398426, 9.165232240029502, 18.17121967228396]",6.161242469389763e-07
axial,5pct,30s,False,5.0,0.014585372988612212,0.0174580967673749,0,0,0.6495873680231996,32.52408781403019,52.27198768781269,43.83931723781999,98.65080133170814,-18.540077381706983,12.999172586172435,"[1.8335657731661346, 0.6664342268338664, 0.6374776562251998, 1.8625223437748]",5.551115123125782e-16
axial,5pct,10s,False,4.977072445892631,0.01847737199504015,0.02182837246762736,0,0,0.6597450872473468,34.71296730212316,50.19593053039617,49.967085448062974,93.78946069496187,-18.18496909294506,14.315574139708527,"[1.825157937471397, 0.6633782854749192, 0.6345544955341313, 1.8539817274121837]",5.525660424657442e-16
axial,10pct,30s,True,9.99996719303416,0.006009092360258127,0.007476571852507822,0,0,0.6581701870797275,35.15557885307835,55.434783940312364,43.482655081831645,92.57189686570975,-17.077313969428744,10.550906502687582,"[3.859092058888502, 1.1408915376285795, 1.0441948614474228, 3.9557887350696554]",9.813351244460944e-10
axial,10pct,10s,True,9.954112235256117,0.00981792759288341,0.012144630010866235,0,0,0.622037122796035,37.28140093899131,53.19969133168612,49.262184743972085,88.85751106528961,-16.868893276120374,10.677908657103702,"[3.841396150491405, 1.1356599671366556, 1.0394066946105283, 3.9376494230175294]",9.768352016134545e-10
axial,20pct,30s,False,18.508941619574497,0.004929898182121674,0.007313125512354245,0,0,0.7482235680275466,30.806065269888975,60.73234954101216,31.40765339519845,96.52801167703029,-22.74710972739283,22.195270056167466,"[7.327933358547099, 1.9265374512401503, 1.9859256128868665, 7.26854519690038]",1.8081605041755894e-09
axial,20pct,10s,False,18.42406866748391,0.008984406197500345,0.01261752522874987,0,0,0.7154867388201842,32.09731086907393,58.67643330563705,35.519566014069284,96.67299390524121,-24.873065864158395,22.92559751557201,"[7.294331040832442, 1.917703292909514, 1.9768191294983317, 7.235215204243621]",1.7998691646167304e-09
axial,30pct,30s,True,29.99969149088347,0.004716279674930655,0.00929544233154159,0,0,0.8148486898454473,27.593458885426916,66.40918157665382,21.700430295786326,91.29419441888307,-29.25478541536114,19.549689259062507,"[10.665074307666245, 4.334771437775495, 3.9546119712136836, 11.04523377422805]",2.9998894620711665e-09
axial,30pct,10s,True,29.86212758091115,0.00868721578446379,0.01544494802349368,0,0,0.793764985742345,29.174132548537184,64.96730347874315,25.170753850654023,93.00934359774418,-33.43740464532672,20.906517268381887,"[10.616169494016619, 4.314894296438959, 3.9364780552249528, 10.994585735230618]",2.9861334364796135e-09
axial,40pct,30s,True,39.999999990000255,0.004487672660025128,0.008229617703595753,0,7,0.9404705640428069,33.15028886081353,83.83328682099015,22.751500419898168,81.34196641173715,-33.869480961011696,5.735718140757849,"[11.266552363525976, 8.733447631474156, 7.5964992196995444, 12.403500775300579]",3.999818253385515e-09
axial,40pct,10s,True,39.816579557187154,0.008267708284139991,0.014517338235068126,7,8,0.9363199403316369,35.18587539690215,85.27348102524223,25.477377536186992,82.14795021866414,-39.91657022657283,6.872922908228445,"[11.214889465742326, 8.693400312851256, 7.561665390322295, 12.346624388271277]",3.981477043500687e-09
