theta_deg_center,theta_percent_per_1deg_bin,r_formula_no_bg,r_mean_Itot1_bg,r_p05_Itot1_bg,r_p95_Itot1_bg,r_mean_ItotSin2_bg,r_p05_ItotSin2_bg,r_p95_ItotSin2_bg
5.000000000000000000e-01,1.329999999999999932e-02,1.405377037350824011e-04,1.707268098839074470e-04,2.228649761759005429e-05,3.302244185274022981e-04,9.396110785998927683e-08,1.210953212144048912e-09,2.565676468570240826e-07
1.500000000000000222e+00,4.379999999999999866e-02,1.263892988362617410e-03,8.996182804465708378e-04,4.009563585523082336e-04,1.394091538267427672e-03,2.139742371430517723e-06,3.782350059553625485e-07,4.570016233508136960e-06
2.500000000000000444e+00,7.720000000000000473e-02,3.505567646668238720e-03,2.339564835761208644e-03,1.518648945269056218e-03,3.155841058035130462e-03,1.349496351688283086e-05,5.422766569248891473e-06,2.339661866613724846e-05
3.500000000000000000e+00,1.045999999999999985e-01,6.855543685722412413e-03,4.479864130413593187e-03,3.357754085910532715e-03,5.614747735687439581e-03,4.833782337715054010e-05,2.648340651244605041e-05,7.396149463007483293e-05
4.500000000000000000e+00,1.303999999999999881e-01,1.129892761316250369e-02,7.355771866662768124e-03,5.897956157986333423e-03,8.765740555943649787e-03,1.288426929166663979e-04,8.159836867031699918e-05,1.799608817854833403e-04
5.500000000000000000e+00,1.715000000000000135e-01,1.681610765692942780e-02,1.089784516514667387e-02,9.136944038300216439e-03,1.267110505955282816e-02,2.807885566058305137e-04,1.954856536919368057e-04,3.752335097004522451e-04
6.500000000000000000e+00,2.011999999999999900e-01,2.338295853199445426e-02,1.509791642116806686e-02,1.304713031263871927e-02,1.718823624673776126e-02,5.359994633354127911e-04,3.977524945306568993e-04,6.887371163229483737e-04
7.500000000000000888e+00,2.308000000000000052e-01,3.097108978692790157e-02,2.002481787044430028e-02,1.766475491829856345e-02,2.241640026866921834e-02,9.385720240858844762e-04,7.272629617646660669e-04,1.168045569597466783e-03
8.500000000000000000e+00,2.595000000000000084e-01,3.954813300833807249e-02,2.557047447446711766e-02,2.293250637474398765e-02,2.827343751196457339e-02,1.523818081666890398e-03,1.222097350093072484e-03,1.852068134098120095e-03
9.500000000000000000e+00,2.866000000000000214e-01,4.907806254832312864e-02,3.166039841940990196e-02,2.883301375868338803e-02,3.466442676088722641e-02,2.325782290049495469e-03,1.925495933286958290e-03,2.773914405173458306e-03
1.049999999999999822e+01,3.261999999999999900e-01,5.952154398279738134e-02,3.862217104568205911e-02,3.542132230210375682e-02,4.178501166859906885e-02,3.444967224005972359e-03,2.895122456507631583e-03,4.014134216141629699e-03
1.150000000000000000e+01,3.469999999999999751e-01,7.083630421405301414e-02,4.603761364177869769e-02,4.257978825790544736e-02,4.944488210450313781e-02,4.871324967854166396e-03,4.166376628260888039e-03,5.595799446528491525e-03
1.250000000000000178e+01,3.704000000000000070e-01,8.297751699990607577e-02,5.402602619689676755e-02,5.028255355054441628e-02,5.762298246805116347e-02,6.674698527469956344e-03,5.784175522732484809e-03,7.563505298890782665e-03
1.350000000000000000e+01,4.079999999999999738e-01,9.589819771886065602e-02,6.251599826542525440e-02,5.857686676036569923e-02,6.649141536004274378e-02,8.890140784076556654e-03,7.811576577763773219e-03,1.001772738101329961e-02
1.450000000000000178e+01,4.395000000000000018e-01,1.095496013550539688e-01,7.160320485539911628e-02,6.741447496343772050e-02,7.580358958924744706e-02,1.159674697458250303e-02,1.029209756275686373e-02,1.294722561868702840e-02
1.550000000000000000e+01,4.786000000000000254e-01,1.238816179929062566e-01,8.118275414763777287e-02,7.674079511266941600e-02,8.558167319382975480e-02,1.481763639324602810e-02,1.326179417305998857e-02,1.640440717092006562e-02
1.650000000000000000e+01,4.954000000000000070e-01,1.388431605304547845e-01,9.115378549521994944e-02,8.652086192952303245e-02,9.584883980215266885e-02,1.856365857902525507e-02,1.675672885126313488e-02,2.044591670272188563e-02
1.750000000000000000e+01,5.180000000000000160e-01,1.543825398309520425e-01,1.016727579513954649e-01,9.685264836084844786e-02,1.064860979641235050e-01,2.294064979049278974e-02,2.086331760339334151e-02,2.506759669347515332e-02
1.850000000000000000e+01,5.435999999999999721e-01,1.704478231118592424e-01,1.126278510329462579e-01,1.075454635013057825e-01,1.175672780208204676e-01,2.795291612306023341e-02,2.555167960494535151e-02,3.034101253786889232e-02
1.950000000000000355e+01,5.920999999999999597e-01,1.869871719960437828e-01,1.238960590289649860e-01,1.186931391056267882e-01,1.290395307595312846e-01,3.357842751674662563e-02,3.090253472319766728e-02,3.628107080805297729e-02
2.050000000000000000e+01,6.006000000000000227e-01,2.039491572997711721e-01,1.354914401757269238e-01,1.301662191839967619e-01,1.408011304774269556e-01,3.985233371361341509e-02,3.689030422788881075e-02,4.286443812825421057e-02
2.150000000000000000e+01,6.554999999999999716e-01,2.212830482854867831e-01,1.475123654626745440e-01,1.420114379065747778e-01,1.529763173227267070e-01,4.686069840533525072e-02,4.356966531165848422e-02,5.019012027302317824e-02
2.250000000000000000e+01,6.601000000000000201e-01,2.389390747461554443e-01,1.598120286368403253e-01,1.541593077974726944e-01,1.653104405914604391e-01,5.454644792742308762e-02,5.092901492912795675e-02,5.812481628437921738e-02
2.350000000000000000e+01,6.853000000000000203e-01,2.568686608964595997e-01,1.723327754545958823e-01,1.666324942429706357e-01,1.779563805915997110e-01,6.288810904159169990e-02,5.900526964169975491e-02,6.677894477667362105e-02
2.450000000000000355e+01,7.260999999999999677e-01,2.750246306117397621e-01,1.851120605189172652e-01,1.792778369860435206e-01,1.908259132651012602e-01,7.192289468618379145e-02,6.771285718049059599e-02,7.610677701335487322e-02
2.550000000000000000e+01,7.618000000000000327e-01,2.933613840685079244e-01,1.980921086372894324e-01,1.922172734012066730e-01,2.039364566614814689e-01,8.161915426329054146e-02,7.714589878939427658e-02,8.612973944091419087e-02
2.650000000000000000e+01,7.779000000000000359e-01,3.118350462939216694e-01,2.112108846027565545e-01,2.052752797813342800e-01,2.171546787621932706e-01,9.193132670225012681e-02,8.718203728409008868e-02,9.674651859493599293e-02
2.750000000000000000e+01,7.960000000000000409e-01,3.304035885217855850e-01,2.246197485140120353e-01,2.185618445651546227e-01,2.306338451523815281e-01,1.029823238196952567e-01,9.790614814993162107e-02,1.080806583335529036e-01
2.850000000000000355e+01,8.204000000000000181e-01,3.490269235779782653e-01,2.380781887820144216e-01,2.319438634329330229e-01,2.441502542699550138e-01,1.145725553926778689e-01,1.092087476984754946e-01,1.199395345887995928e-01
2.949999999999999645e+01,8.635000000000000453e-01,3.676669767793578347e-01,2.516653581990391242e-01,2.454931732877314310e-01,2.578095838993381683e-01,1.267585413788054616e-01,1.211439346523886657e-01,1.324039566977543159e-01
3.050000000000000000e+01,8.802999999999999714e-01,3.862877340296667628e-01,2.653274782643242902e-01,2.591357925502000836e-01,2.714667458112719478e-01,1.394809970882474326e-01,1.336390456484699563e-01,1.453272183457072209e-01
3.150000000000000000e+01,9.297999999999999599e-01,4.048552689376422320e-01,2.789979571451466356e-01,2.728388433078131614e-01,2.852160831251049911e-01,1.526611177229780514e-01,1.466502196522374568e-01,1.587813807104957176e-01
3.250000000000000000e+01,9.434000000000000163e-01,4.233377508713953019e-01,2.928306171086079712e-01,2.865678404189829775e-01,2.990025415385361707e-01,1.664331926791151606e-01,1.601273365307824825e-01,1.726971787837670025e-01
3.350000000000000000e+01,9.576999999999999957e-01,4.417054359048119272e-01,3.065939342591208483e-01,3.003982652387093832e-01,3.127318916027144735e-01,1.805501509568695484e-01,1.741288990116023061e-01,1.869573477352521607e-01
3.450000000000000711e+01,9.850999999999999757e-01,4.599306426123149771e-01,3.203685640538277424e-01,3.141356462556946783e-01,3.265197012607616300e-01,1.950709084558180650e-01,1.884371574776289582e-01,2.016610392551715925e-01
3.550000000000000000e+01,1.005700000000000038e+00,4.779877146339835403e-01,3.340464749720979953e-01,3.278377939543586361e-01,3.401626749665092042e-01,2.098567113952370111e-01,2.030860226321364592e-01,2.165676868339917460e-01
3.650000000000000000e+01,1.042300000000000004e+00,4.958529718698753141e-01,3.477109430709559024e-01,3.415538261749365145e-01,3.538313717403930303e-01,2.249743111965845643e-01,2.181068903357327171e-01,2.318392946240693808e-01
3.750000000000000000e+01,1.069700000000000095e+00,5.135046520762368560e-01,3.613835650098077834e-01,3.552413426235627170e-01,3.674048748012374022e-01,2.404272256079703074e-01,2.334330253765094787e-01,2.473192445368787851e-01
3.850000000000000000e+01,1.075599999999999890e+00,5.309228445325657741e-01,3.748261882524496214e-01,3.687455173809018327e-01,3.808507130221798764e-01,2.559206491223580682e-01,2.488644979476888619e-01,2.629446814807495647e-01
3.950000000000000000e+01,1.116400000000000059e+00,5.480894173321483320e-01,3.881643576834505338e-01,3.821305903229263445e-01,3.942025043175918508e-01,2.715702071621059477e-01,2.644464892947008261e-01,2.787302371509723931e-01
4.050000000000000000e+01,1.158600000000000074e+00,5.649879397241109880e-01,4.014707520683424846e-01,3.955045039219065584e-01,4.073886714871832737e-01,2.874401053160418607e-01,2.802833030779778856e-01,2.945671663784604211e-01
4.150000000000000000e+01,1.157799999999999940e+00,5.816036008060390117e-01,4.146818810827452295e-01,4.087363051246725720e-01,4.204979922940932924e-01,3.034352595235862426e-01,2.961989211876603356e-01,3.105397908020769981e-01
4.250000000000000000e+01,1.195100000000000051e+00,5.979231257360702045e-01,4.275809074970048917e-01,4.217454796994051236e-01,4.333654730544151956e-01,3.192673957725669087e-01,3.120710481951229354e-01,3.264243625113076863e-01
4.350000000000000711e+01,1.206299999999999928e+00,6.139346905047532443e-01,4.403963973977596535e-01,4.346480145561672503e-01,4.461363850110322549e-01,3.351928144786837094e-01,3.280183094112508746e-01,3.423784756365197968e-01
4.450000000000000000e+01,1.229899999999999993e+00,6.296278361820739633e-01,4.530801760895063479e-01,4.474239055802799458e-01,4.586582431232177903e-01,3.511339714799194822e-01,3.439968380065506204e-01,3.581914073378541508e-01
4.550000000000000000e+01,1.243000000000000105e+00,6.449933834355530138e-01,4.654910987341996376e-01,4.599494703414934160e-01,4.710351838138288616e-01,3.668927152314214735e-01,3.598310893982313852e-01,3.739749143335151516e-01
4.650000000000000000e+01,1.257100000000000106e+00,6.600233480025200494e-01,4.777451743626539016e-01,4.722979259669222163e-01,4.832209759733458454e-01,3.825969540374387634e-01,3.755933435099341189e-01,3.896528840848022535e-01
4.750000000000000000e+01,1.284200000000000008e+00,6.747108576944145231e-01,4.898007237182885887e-01,4.844386068758570474e-01,4.951760623305065390e-01,3.981763774396002153e-01,3.912265921248637146e-01,4.051572174817884009e-01
4.850000000000000000e+01,1.306899999999999951e+00,6.890500714138596550e-01,5.016495079213971753e-01,4.963833654868334277e-01,5.069075664023178218e-01,4.136043139418194570e-01,4.067293527450773216e-01,4.204809317959386505e-01
4.950000000000000000e+01,1.316899999999999959e+00,7.030361005765604077e-01,5.132893917413430263e-01,5.080754445981802148e-01,5.184199964453748422e-01,4.288630140461159312e-01,4.220120044259645375e-01,4.356152877513680410e-01
5.050000000000000000e+01,1.334799999999999986e+00,7.166649332498571390e-01,5.246255485646250660e-01,5.195794364155074119e-01,5.296574660980816196e-01,4.438133797541296555e-01,4.371444978253777869e-01,4.504729370094568974e-01
5.150000000000000000e+01,1.353900000000000103e+00,7.299333612479276256e-01,5.357734788093694300e-01,5.308004446248650865e-01,5.407026629762387016e-01,4.585947111372585261e-01,4.519885313654425918e-01,4.651509037644332434e-01
5.250000000000000711e+01,1.393100000000000005e+00,7.428389103598597165e-01,5.466206841346353817e-01,5.417861258900065202e-01,5.514819333348990327e-01,4.730459413270947100e-01,4.665944427417163531e-01,4.795403095010797312e-01
5.350000000000000000e+01,1.381799999999999917e+00,7.553797738307953535e-01,5.573250803162217437e-01,5.525497808398281974e-01,5.619801758969910077e-01,4.873671704824870665e-01,4.809690477575379597e-01,4.936103462643788298e-01
5.450000000000000000e+01,1.410900000000000043e+00,7.675547491675774880e-01,5.676687877849169173e-01,5.630247434397955830e-01,5.722003234913821679e-01,5.012572621641913084e-01,4.950131051604262922e-01,5.073553670098129853e-01
5.550000000000000000e+01,1.450199999999999934e+00,7.793631782983513334e-01,5.777611513768805551e-01,5.732699676616798135e-01,5.822315857819462259e-01,5.148536804058305716e-01,5.087964460214537965e-01,5.208874046167183414e-01
5.650000000000000000e+01,1.449899999999999967e+00,7.908048910798178843e-01,5.876372124383993922e-01,5.832338562840222451e-01,5.919706167197982261e-01,5.281961357885528452e-01,5.222415152958779228e-01,5.340599028146377769e-01
5.750000000000001421e+01,1.464399999999999924e+00,8.018801521157905565e-01,5.971769999471452373e-01,5.929013704597941858e-01,6.014092308071485871e-01,5.411155129218871984e-01,5.353204324942624215e-01,5.468549119930039559e-01
5.850000000000000000e+01,1.504000000000000004e+00,8.125896108257979478e-01,6.064541125951687928e-01,6.022900877411585530e-01,6.105645351090744910e-01,5.537051013870600835e-01,5.480503253087281035e-01,5.592896538196739931e-01
5.950000000000000000e+01,1.505900000000000016e+00,8.229342546822154825e-01,6.155001243050437498e-01,6.114616292069801062e-01,6.194579655009081476e-01,5.660025190141463325e-01,5.605092290897125684e-01,5.713881837726635382e-01
6.050000000000000000e+01,1.525099999999999900e+00,8.329153655182274241e-01,6.242432045844465982e-01,6.203113027041200489e-01,6.280616107353800270e-01,5.779055171717808470e-01,5.725499600713145343e-01,5.831081265671308467e-01
6.149999999999999289e+01,1.545700000000000074e+00,8.425344787964118565e-01,6.326545556726658193e-01,6.288853699666641095e-01,6.363739759915834071e-01,5.893705626897743910e-01,5.842309723576308844e-01,5.944435805848309329e-01
6.250000000000000711e+01,1.538599999999999968e+00,8.517933457183831658e-01,6.408396767108746062e-01,6.371783332813252265e-01,6.444173902529005682e-01,6.005379715800519547e-01,5.955410314240587866e-01,6.054217398563058739e-01
6.349999999999999289e+01,1.558799999999999963e+00,8.606938980493473723e-01,6.486964696322111701e-01,6.452028484960113941e-01,6.521655961276399127e-01,6.112654816383381595e-01,6.064942099100893991e-01,6.160040088656065782e-01
6.450000000000001421e+01,1.578200000000000047e+00,8.692382155272333488e-01,6.562961009737393603e-01,6.528945647042765366e-01,6.596364228330298118e-01,6.216477421033250739e-01,6.169999070886860171e-01,6.262124180233470394e-01
6.550000000000000000e+01,1.613299999999999956e+00,8.774284957238891458e-01,6.635741473313612193e-01,6.603491829876312336e-01,6.667985257453055148e-01,6.315946421750323614e-01,6.271865611266702611e-01,6.360022176250424986e-01
6.650000000000001421e+01,1.602400000000000047e+00,8.852670262254097588e-01,6.705818133363757871e-01,6.674824916485212478e-01,6.736669145843848794e-01,6.411744539366505125e-01,6.369372428398534236e-01,6.453923637918771439e-01
6.750000000000000000e+01,1.599699999999999900e+00,8.927561589996408919e-01,6.773201582841580359e-01,6.743428523313473866e-01,6.802601672862260695e-01,6.503872705488230599e-01,6.463165300345632414e-01,6.544070329025643007e-01
6.850000000000000000e+01,1.616400000000000059e+00,8.998982868211300445e-01,6.837543291379102328e-01,6.808944697638416033e-01,6.865665546748936920e-01,6.591843690596778105e-01,6.552742874687723651e-01,6.630292440181789759e-01
6.950000000000000000e+01,1.623599999999999932e+00,9.066958216269372928e-01,6.898966249416302876e-01,6.871862583336355579e-01,6.925490687762094755e-01,6.675817573989476506e-01,6.638764713705062048e-01,6.712077072819679913e-01
7.049999999999998579e+01,1.650199999999999889e+00,9.131511746807069452e-01,6.957319647438968691e-01,6.931505496349330553e-01,6.982794277193766774e-01,6.755582425250437062e-01,6.720298914625209008e-01,6.790399797026871465e-01
7.150000000000000000e+01,1.637100000000000000e+00,9.192667384269477271e-01,7.012872441564586001e-01,6.988141362900117670e-01,7.036837108936168095e-01,6.831502128341430113e-01,6.797707265394481446e-01,6.864247278612909398e-01
7.250000000000000000e+01,1.672700000000000076e+00,9.250448699225426452e-01,7.065370952226314172e-01,7.042237448135831857e-01,7.088197488899882215e-01,6.903227922265959826e-01,6.871625469259807772e-01,6.934408379332571704e-01
7.350000000000001421e+01,1.694900000000000073e+00,9.304878757379035914e-01,7.115224359405962762e-01,7.093263489109143949e-01,7.136481862621301131e-01,6.971318059274477230e-01,6.941327556641763152e-01,7.000345330574134772e-01
7.450000000000000000e+01,1.681799999999999962e+00,9.355979982258407768e-01,7.161867670166364164e-01,7.141338196633094659e-01,7.181935115231665723e-01,7.035001406747832808e-01,7.006975804438351219e-01,7.062393560852134877e-01
7.550000000000001421e+01,1.711300000000000043e+00,9.403774030620452029e-01,7.205493490461520878e-01,7.186287134131792431e-01,7.224342734878048677e-01,7.094542664190670589e-01,7.068333254525859255e-01,7.120262108843253834e-01
7.650000000000000000e+01,1.684099999999999930e+00,9.448281679669845445e-01,7.246342321648477913e-01,7.228384081991940935e-01,7.263747832118326864e-01,7.150272289387031854e-01,7.125775653996249126e-01,7.174012481646064865e-01
7.750000000000000000e+01,1.724699999999999900e+00,9.489522725249710522e-01,7.284400782100760585e-01,7.267611687370095774e-01,7.300498741693450810e-01,7.202174585094509585e-01,7.179281804854432680e-01,7.224122690703727034e-01
7.850000000000000000e+01,1.706800000000000095e+00,9.527515890220888961e-01,7.319157256073641760e-01,7.303899323195326421e-01,7.334060097324762717e-01,7.249555288677312914e-01,7.228758404320163589e-01,7.269866123543350378e-01
7.949999999999998579e+01,1.683000000000000052e+00,9.562278742305637680e-01,7.351241056464516976e-01,7.337131864758543731e-01,7.364792059853187967e-01,7.293275856660947909e-01,7.274051994174416391e-01,7.311737377410637562e-01
8.050000000000000000e+01,1.718800000000000106e+00,9.593827620729675765e-01,7.380386055554638558e-01,7.367723072685334884e-01,7.392698908374571998e-01,7.332977095827929448e-01,7.315729966055780631e-01,7.349745787990147328e-01
8.150000000000000000e+01,1.716900000000000093e+00,9.622177571053766032e-01,7.406566078186633817e-01,7.395260835423118628e-01,7.417521440049732462e-01,7.368627025227760807e-01,7.353234391657196278e-01,7.383541992885581662e-01
8.250000000000001421e+01,1.721600000000000019e+00,9.647342287642091119e-01,7.429796418968387384e-01,7.419836977511692355e-01,7.439496214002324637e-01,7.400250064595452759e-01,7.386694063469145810e-01,7.413451618003485954e-01
8.350000000000000000e+01,1.731300000000000061e+00,9.669334063269762192e-01,7.450231187666400690e-01,7.441530248369963019e-01,7.458538628685552618e-01,7.428059320013612465e-01,7.416219667309318364e-01,7.439362744750243062e-01
8.450000000000001421e+01,1.721999999999999975e+00,9.688163745425485418e-01,7.467733545575220289e-01,7.460329774095799671e-01,7.474716323374612781e-01,7.451871637217383215e-01,7.441799611658878044e-01,7.461370370816382547e-01
8.550000000000000000e+01,1.752599999999999936e+00,9.703840698918281271e-01,7.482264860041912824e-01,7.476189434346477425e-01,7.487931161779541878e-01,7.471637273726758899e-01,7.463374091455761139e-01,7.479343620661231817e-01
8.650000000000000000e+01,1.729400000000000048e+00,9.716372774448515104e-01,7.493867239165987737e-01,7.489118152042375520e-01,7.498272908466474540e-01,7.487415951099941624e-01,7.480957854086823788e-01,7.493406809802767299e-01
8.750000000000000000e+01,1.767800000000000038e+00,9.725766282854243494e-01,7.502573400792242886e-01,7.499148472433003754e-01,7.505713801761519921e-01,7.499254141175382138e-01,7.494597343800210032e-01,7.503523950115114083e-01
8.849999999999998579e+01,1.751700000000000035e+00,9.732025974793412360e-01,7.508397220952329754e-01,7.506265454737567344e-01,7.510195111192038420e-01,7.507172215444193331e-01,7.504273969946072542e-01,7.509616497421299774e-01
8.950000000000000000e+01,1.743900000000000006e+00,9.735155025671371476e-01,7.511321671950479395e-01,7.510488947105037338e-01,7.511800779517848747e-01,7.511148042354597321e-01,7.510015966590808389e-01,7.511799377815009393e-01
