interval,model,matching,channel_rms,xy_rms,total_rms,bg_percent_Tmax,theta_min,theta_max,success,direction
30s,none,arc,0.06725991847198486,0.3419431240394049,0.12150683789132212,0.0,33.44683832156967,48.182745741211534,True,-1
30s,none,flex,0.03926968631881581,0.17829591919287652,0.07385301515434821,0.0,36.99780264480997,53.546059963222646,True,-1
30s,square,arc,0.029902169423944032,0.14642227697266458,0.047954901506047996,34.08130459152083,37.81826200335416,89.99074065709591,True,-1
30s,square,flex,0.022923108036321402,0.08980662411362313,0.058006593597571765,31.882743367632568,37.094693734998586,89.48894738219893,True,-1
30s,richard4,arc,0.036411065702211386,0.1664540822297857,0.06561454538378424,,36.571736688528354,74.62482885802206,True,-1
30s,richard4,flex,0.025603043552543253,0.103852725843872,0.05689983615088497,,36.501623157746124,72.1021645270629,True,-1
10s,none,arc,0.0698402899976807,0.3535807425662809,0.11661047338710212,0.0,33.82967524212473,44.209167632292825,True,-1
10s,none,flex,0.04307999469991233,0.1823977888466559,0.08615861276331258,0.0,38.59445308878104,50.18312297566837,True,-1
10s,square,arc,0.03146273142631134,0.15441558388174353,0.04997174964630981,37.11234173145645,37.58353854196069,89.9783284099078,True,-1
10s,square,flex,0.025656649082634184,0.09880225515458783,0.06644578227350564,34.76190686901282,41.79266687723627,89.97232701232936,True,-1
10s,richard4,arc,0.038269523828700476,0.17478577893204417,0.0636561534226413,,40.074752474617114,73.64753666558563,True,-1
10s,richard4,flex,0.02716429434455086,0.10537803140046474,0.058121179486878075,,40.0633672243732,71.51423911579427,True,-1
