id,label,interval,scope,n_parameters,success,nfev,bg_max,bg_min,coherent_max,residual_max,coherent_share,theta_min,theta_max,theta_rms_vs_direct,phi_rms_vs_direct,test_xy_rms,test_channel_rms,test_total_rms
bg,Background only,30s,separate intervals,23,True,25,31.740106152216836,54.070869521353856,0.0,31.740106152216836,0.0,37.269043455209356,89.21896796027364,24.52061718469257,17.526213864059972,0.08960754501679219,0.022885943502850132,0.05812062914016876
richard,Richard effective intensity,30s,separate intervals,27,True,37,38.50908966031428,65.6021738687078,,,,34.649728253654104,89.85791850562664,25.258757781896705,18.15632998966069,0.0926855700487342,0.021386574803488993,0.04796314548662464
field,Uniform field (2 modes),30s,separate intervals,27,True,18,55.7658885672216,94.99999999999997,46.75096736990003,9.01492119732157,83.83434492134963,11.324748733440211,89.99210147323379,22.24827852076128,41.40855851371114,0.053761262470661444,0.010500228569928613,0.02254951269144594
radial,Uniform + radial (3 modes),30s,separate intervals,29,True,39,51.567601521971206,87.84800655838164,44.92834641326439,6.639255108706815,87.12514270054221,11.85321121834243,89.87205391138845,22.804526009931315,39.664751014039,0.03166522614401235,0.005984070930386833,0.009840963015081387
bg,Background only,10s,separate intervals,23,True,35,34.61512146673454,55.81297075508981,0.0,34.61512146673454,0.0,41.95445428045569,89.95185073632369,27.642235742812105,19.487006247726296,0.09894443326288144,0.025646447083778272,0.06659269584926948
richard,Richard effective intensity,10s,separate intervals,27,True,48,39.92709928131296,64.37793455860177,,,,38.97733418643284,89.71975941348029,26.761770705836103,18.192256269984288,0.10239292500428762,0.024123425066956247,0.04949624788125558
field,Uniform field (2 modes),10s,separate intervals,27,True,22,58.91885873213254,94.99999999999999,45.63032780757618,13.288530924556365,77.44604832729185,15.614577415696099,89.67708561500169,23.142798326056564,41.8149961189546,0.0709386290832672,0.013013545522221202,0.016936483711522513
radial,Uniform + radial (3 modes),10s,separate intervals,29,True,28,55.34016179277989,89.22975569190565,47.91216629898132,7.4279954937985675,86.57756816539036,15.228462355698738,89.99964023101079,23.329271177406063,42.658494772366275,0.04951838738142264,0.010090438945511785,0.017613200397349094
m3_cap2.0,3-mode shared / relaxed,30s,shared field,49,True,20,53.04933727197748,90.37221804083501,46.16529146231484,6.884045809662634,87.02331421339163,11.075551158533047,89.75808944583326,23.48281964532304,40.32967247897434,0.03356459442035497,0.006543416172346332,0.012647454609260983
m3_cap2.0,3-mode shared / relaxed,10s,shared field,49,True,20,52.759375731140224,85.0685298784454,45.912957319534044,6.846418411606176,87.02331421339163,16.115833547021776,89.93888407575749,22.60287827440929,41.66611688457098,0.05086844817101155,0.01037933560632013,0.01688102622476963
m3_cap0.1,3-mode shared / 10% cap,30s,shared field,49,True,58,9.999999999991863,17.035503681682986,4.31709388360532,5.682906116386542,43.17093883608833,26.615106439557803,53.93907433857566,8.969006063866257,19.343053757066706,0.09503016334445481,0.021460734512681105,0.048848536196910756
m3_cap0.1,3-mode shared / 10% cap,10s,shared field,49,True,58,9.945341156781359,16.035738475344225,4.2934971478344,5.651844008946958,43.17093883608833,29.20912338328479,52.0855306232404,9.544588378498325,18.91136263454585,0.10401475768928203,0.023564800199495976,0.048554848946768724
m5_cap2.0,5-mode shared / relaxed,30s,shared field,53,True,43,54.72449415680547,93.22593216872572,50.2503582866442,4.474135870161271,91.82425358315555,12.475784936897812,89.66258850403219,24.373706627712433,41.5094547966256,0.02810258485110323,0.00586612151144197,0.011504435383829533
m5_cap2.0,5-mode shared / relaxed,10s,shared field,53,True,43,54.42537640221613,87.75476764947499,49.97569564115784,4.4496807610582865,91.82425358315555,17.766752630734604,89.66032867772063,23.102040067933086,42.43348317939797,0.04597767469161523,0.009777114735674669,0.01678979821631104
m5_cap0.1,5-mode shared / 10% cap,30s,shared field,53,True,79,10.000000000000073,17.035503681696973,5.5115408911607915,4.488459108839282,55.1154089116075,26.408890824834288,53.80837886291391,9.055220972196658,19.492069234659205,0.09300083714424379,0.021072993159659017,0.047465038860552373
m5_cap0.1,5-mode shared / 10% cap,10s,shared field,53,True,79,9.945341156789524,16.03573847535739,5.481415446218943,4.463925710570582,55.1154089116075,28.999762861398093,51.98499805908198,9.623062931089631,19.089979325162048,0.10189548062013154,0.023232878806969986,0.04778665541229997
edge_w0.03_cap0.1,Edge w=0.03 / 10% cap,30s,shared field,52,False,600,9.999999999999996,17.03550368169684,9.999999999999996,0.0,100.0,36.245779710379914,57.286570773282484,6.7237516061890705,16.830819699748076,0.11750266485979201,0.0266097235923089,0.05968694154775519
edge_w0.03_cap0.1,Edge w=0.03 / 10% cap,10s,shared field,52,False,600,9.945341156789448,16.03573847535727,9.945341156789448,0.0,100.0,37.91046897521262,54.16755805239799,7.56095845712505,17.650729986021766,0.1357187452067939,0.03140116589033949,0.06600530945964973
edge_w0.03_cap2.0,Edge w=0.03 / relaxed,30s,shared field,52,True,52,34.903872343732836,59.46050458171375,34.903872343732836,0.0,100.0,33.73500209208435,88.64302012011048,23.537258666351274,19.50616377301877,0.09528953410324843,0.020294806605399666,0.046262518276910344
edge_w0.03_cap2.0,Edge w=0.03 / relaxed,10s,shared field,52,True,52,34.71309181514513,55.97093686813553,34.71309181514513,0.0,100.0,39.45867776054404,89.97687907578972,26.945978097271528,18.667536437089172,0.09237159616544507,0.021704939864595294,0.04755193030121954
edge_w0.1_cap0.1,Edge w=0.1 / 10% cap,30s,shared field,52,True,212,9.999999999999996,17.03550368169684,9.999999999999996,0.0,100.00000000000001,34.46053449460064,56.525921056318964,6.71921792737735,18.729852204438536,0.10815742169380618,0.024535111722539797,0.05533495457125793
edge_w0.1_cap0.1,Edge w=0.1 / 10% cap,10s,shared field,52,True,212,9.945341156789448,16.03573847535727,9.945341156789448,0.0,100.00000000000001,36.868001744531085,53.66539045489684,7.685874295895074,17.91730428725154,0.12015122202466381,0.027869949313179196,0.05755694729556331
edge_w0.1_cap2.0,Edge w=0.1 / relaxed,30s,shared field,52,True,137,31.90160799759621,54.34599604950998,31.90160799759621,0.0,100.0,35.7679764077748,79.63504185446297,17.942988826195243,21.30412601805552,0.08710173827204626,0.01868235246553957,0.043923408601984334
edge_w0.1_cap2.0,Edge w=0.1 / relaxed,10s,shared field,52,True,137,31.72723749862571,51.15658427928189,31.72723749862571,0.0,100.0,41.84198587971518,78.57933550141489,19.411815579993725,20.93881600333256,0.0801563590581289,0.01969271900550109,0.046235127525802375
edge_w0.25_cap0.1,Edge w=0.25 / 10% cap,30s,shared field,52,True,180,9.999999999999993,17.035503681696834,9.999999999999993,0.0,100.0,33.1045350003284,55.35640118473398,7.123655146918974,20.03555978376467,0.08427927323880693,0.019270905958786402,0.04495969297624097
edge_w0.25_cap0.1,Edge w=0.25 / 10% cap,10s,shared field,52,True,180,9.945341156789445,16.035738475357263,9.945341156789445,0.0,100.0,35.47087346116863,52.94317542590357,8.034834605238274,19.34711604792273,0.09232450274143078,0.021925966151606094,0.047192059867361934
edge_w0.25_cap2.0,Edge w=0.25 / relaxed,30s,shared field,52,True,46,25.630469410568228,43.66279560073534,25.630469410568228,0.0,100.0,36.70855801533047,66.69875055411508,10.201956065454285,25.789063667197475,0.06238521470428731,0.013585640040580002,0.03225515728730593
edge_w0.25_cap2.0,Edge w=0.25 / relaxed,10s,shared field,52,True,46,25.490376229675725,41.10035044685166,25.490376229675725,0.0,100.0,40.39909797723295,64.1416187677971,10.777235547103418,25.748593670367722,0.05249670282580054,0.014817129818239315,0.039585240978884495
general_cap0.1,General stationary / 10% cap,30s,shared field,63,True,158,9.99999999999986,17.035503681696607,9.99999576277887,4.237220991853913e-06,99.9999576277901,33.913158637589696,54.349234159883835,7.712479167566982,25.95645613409378,0.04896901748167571,0.010613287698379626,0.027378376528180006
general_cap0.1,General stationary / 10% cap,10s,shared field,63,True,158,9.945341156789311,16.03573847535705,9.945336942728481,4.214060832069694e-06,99.9999576277901,35.822064997166706,52.772128283505836,8.54522696691625,26.033748657909445,0.05138644196918103,0.01325514159477778,0.03616531186518969
general_cap2.0,General stationary / relaxed,30s,shared field,63,True,81,55.03546482186307,93.75568635967457,55.03546261240833,2.2094547405386625e-06,99.99999598539824,6.37025688775361,89.68769261448666,24.954090723852318,42.637086516760455,0.024469515987860863,0.004882085528877015,0.008668641281720551
general_cap2.0,General stationary / relaxed,10s,shared field,63,True,81,54.734647337591284,88.25343207531215,54.73464514021317,2.197378116514272e-06,99.99999598539824,11.62845465501185,89.8184485550983,23.642782286503756,43.11105906945392,0.04079591930827977,0.009149492581858737,0.019228373987194798
general_verified_cap0.1,General stationary / 10% cap,30s,shared field,63,True,16,9.999999854148088,17.03550343323077,9.999998563243297,1.2909047908861835e-06,99.9999870909519,33.91312248659414,54.34919734890162,7.712496629535238,25.956408125132057,0.048969346420389546,0.010613295103106542,0.027377902257847954
general_verified_cap0.1,General stationary / 10% cap,10s,shared field,63,True,16,9.94534101173475,16.035738241472963,9.945339727885894,1.283848854629704e-06,99.9999870909519,35.82201987504532,52.77205691180781,8.545243730765959,26.033713731187483,0.05138625618356573,0.013255123746318216,0.03616530251287166
general_verified_cap2.0,General stationary / relaxed,30s,shared field,63,True,9,55.03551682052832,93.7557749420199,55.03551651650497,3.0402334575102515e-07,99.99999944758699,6.370237283753615,89.68768599978146,24.954094489196258,42.6371307975638,0.024469520982224564,0.004882087865651856,0.00866864386838084
general_verified_cap2.0,General stationary / relaxed,10s,shared field,63,True,9,54.73469905203785,88.25351545901185,54.73469874967625,3.0236158931224997e-07,99.99999944758699,11.62842998556848,89.81847349451935,23.642765579405136,43.11109947365073,0.04079589127146686,0.009149492098294874,0.0192283901358672
general_cap0.2,General stationary / 20% cap,30s,shared field,63,True,73,20.000000000000004,34.0710073633937,19.999999999960064,3.993694264181613e-11,99.9999999998003,35.437039237072426,60.97925863610533,9.388554574478368,31.585712109155665,0.03135446258428086,0.006698140942952709,0.01516667825419546
general_cap0.2,General stationary / 20% cap,10s,shared field,63,True,73,19.890682313578907,32.071476950714555,19.890682313539184,3.971865193319936e-11,99.9999999998003,35.96076743247612,59.99453248549904,10.575896868902609,34.6934496132734,0.03926643119629266,0.010274626874209731,0.026531492220014663
general_cap0.3,General stationary / 30% cap,30s,shared field,63,True,77,29.999999998216197,51.10651104205174,29.999999998213983,2.2148949339954875e-12,99.99999999999261,30.944042694396877,64.80459235584945,11.197228134827428,34.20502643443677,0.028823432498256835,0.006181832128713816,0.013638862927500276
general_cap0.3,General stationary / 30% cap,10s,shared field,63,True,77,29.836023468594302,48.107215423211365,29.8360234685921,2.2027885745029777e-12,99.99999999999261,32.73423559377491,63.3400155431721,12.214719962853039,38.30768991036819,0.038732092005461655,0.009939818603872273,0.024742444302413256
height_R0.05_cap0.1,Height R≤50 nm / 10%,30s,shared field,67,True,509,10.000000000000004,17.035503681696852,10.000000000000004,1.1102230246251563e-15,100.0,34.28137022649294,54.77901145226953,7.5429153457781695,26.097148353466714,0.044520340049754886,0.009424683957006299,0.02398933822008383
height_R0.05_cap0.1,Height R≤50 nm / 10%,10s,shared field,67,True,509,9.945341156789455,16.03573847535728,9.945341156789455,1.1041546740019836e-15,100.0,36.39234747634552,53.39909018766042,8.330428208713084,26.145259631767008,0.04912444914972102,0.012404718278547246,0.03243455953043438
height_R0.15_cap0.1,Height R≤150 nm / 10%,30s,shared field,67,True,595,10.000000000000002,17.03550368169685,10.0,1.1102230246251563e-15,99.99999999999999,33.83601052616175,56.152624020389524,7.741005447995824,27.044710037150114,0.03658377018091191,0.00752804221102881,0.01797823429770804
height_R0.15_cap0.1,Height R≤150 nm / 10%,10s,shared field,67,True,595,9.945341156789453,16.035738475357277,9.945341156789452,1.1041546740019836e-15,99.99999999999999,36.36213872776312,54.59397818489217,8.362419644555677,27.07720060656927,0.043311534362786654,0.01098225084542796,0.02758522920362526
height_R0.3_cap0.1,Height R≤300 nm / 10%,30s,shared field,67,True,85,9.999999999999996,17.03550368169684,9.999999999999762,2.353672812205331e-13,99.99999999999764,34.645825062191065,55.22632405703801,7.7654997796354355,28.462869453149235,0.030759999224407305,0.006448972045552386,0.013946892868455714
height_R0.3_cap0.1,Height R≤300 nm / 10%,10s,shared field,67,True,85,9.945341156789448,16.03573847535727,9.945341156789214,2.3408079088842047e-13,99.99999999999764,37.21666286136868,53.6753337889573,8.326096650624216,27.885769382415916,0.04111003464074822,0.009897719922132672,0.021861589702803687
